编号,词条,方言注音,部分,类别名称,类别简介,备注
0141,起来天冷~了,起来 tɕʰi²³ ɦie³¹,第三部分,三、植物,各类树木、花草、粮食作物、蔬菜等,
0142,树,树 zɿ²²,第三部分,三、植物,各类树木、花草、粮食作物、蔬菜等,
0143,木头,木头 moʔ² dɤ²³¹,第三部分,三、植物,各类树木、花草、粮食作物、蔬菜等,
0144,松树统称,松树 soŋ³³ zɿ²³³,第三部分,三、植物,各类树木、花草、粮食作物、蔬菜等,
0145,柏树统称,柏树 paʔ⁵ zɿ²³¹,第三部分,三、植物,各类树木、花草、粮食作物、蔬菜等,
0146,杉树,杉树 sɛ̃³³ zɿ³³,第三部分,三、植物,各类树木、花草、粮食作物、蔬菜等,
0147,柳树,杨柳树 iaŋ³³ liɤ³³ zɿ²²,第三部分,三、植物,各类树木、花草、粮食作物、蔬菜等,
0148,竹子统称,竹 tsoʔ⁵,第三部分,三、植物,各类树木、花草、粮食作物、蔬菜等,
0149,笋,笋 ɕiŋ³³⁴,第三部分,三、植物,各类树木、花草、粮食作物、蔬菜等,
0150,叶子,叶 ɕieʔ² lɛ̃³³¹,第三部分,三、植物,各类树木、花草、粮食作物、蔬菜等,
0151,花,花 huo⁵³,第三部分,三、植物,各类树木、花草、粮食作物、蔬菜等,
0152,花蕾花骨朵,花苞 huo⁵³ pɔ⁵³,第三部分,三、植物,各类树木、花草、粮食作物、蔬菜等,
0153,梅花,梅花 mɛ²² huo⁵³,第三部分,三、植物,各类树木、花草、粮食作物、蔬菜等,
0154,牡丹,牡丹 mɔ̃²⁴ tɛ̃³³,第三部分,三、植物,各类树木、花草、粮食作物、蔬菜等,
0155,荷花,荷花 õ² huo⁵³,第三部分,三、植物,各类树木、花草、粮食作物、蔬菜等,
0156,草,草 tsʰɔ̃⁵³⁴,第三部分,三、植物,各类树木、花草、粮食作物、蔬菜等,
0157,藤,藤 dəŋ²³¹,第三部分,三、植物,各类树木、花草、粮食作物、蔬菜等,
0158,刺名词,刺 tsʰɿ²²,第三部分,三、植物,各类树木、花草、粮食作物、蔬菜等,
0159,水果,水果 sɿ⁴⁴ ku³¹,第三部分,三、植物,各类树木、花草、粮食作物、蔬菜等,
0160,苹果,苹果 biŋ²² ku³³⁴,第三部分,三、植物,各类树木、花草、粮食作物、蔬菜等,
0161,桃子,桃子 dɔ²² tsɿ⁵³,第三部分,三、植物,各类树木、花草、粮食作物、蔬菜等,
0162,梨,梨头 li²² dɤ²³¹,第三部分,三、植物,各类树木、花草、粮食作物、蔬菜等,
0163,李子,李子 li⁴⁴ tsɿ⁵³,第三部分,三、植物,各类树木、花草、粮食作物、蔬菜等,
0164,杏,杏子 ɦaŋ²⁴ tsɿ⁵³,第三部分,三、植物,各类树木、花草、粮食作物、蔬菜等,
0165,橘子,橘子 tɕiɔʔ⁵ tsɿ⁵³,第三部分,三、植物,各类树木、花草、粮食作物、蔬菜等,
0166,柚子,香泡 ɕiaŋ³³ pʰɔ̃⁵³,第三部分,三、植物,各类树木、花草、粮食作物、蔬菜等,
0167,柿子,柿子 zɿ²⁴ tsɿ⁵³,第三部分,三、植物,各类树木、花草、粮食作物、蔬菜等,
0168,石榴,石榴 zoʔ² liɤ²³¹,第三部分,三、植物,各类树木、花草、粮食作物、蔬菜等,
0169,枣,白核桃 bɐʔ² ɦuɔ²² tsɔ³³⁴,第三部分,三、植物,各类树木、花草、粮食作物、蔬菜等,
0170,栗子,栗子 ɦieʔ² tsɿ⁵³,第三部分,三、植物,各类树木、花草、粮食作物、蔬菜等,
0171,核桃,核桃 u⁵³ dɔ²³¹,第三部分,三、植物,各类树木、花草、粮食作物、蔬菜等,
0172,银杏白果,白果 ɦɐʔ² ku⁴⁴ ɦu³¹,第三部分,三、植物,各类树木、花草、粮食作物、蔬菜等,
0173,甘蔗,甘蔗 kɛ̃²² tso³³,第三部分,三、植物,各类树木、花草、粮食作物、蔬菜等,
0174,木耳,木耳 moʔ² ɦəl²³¹,第三部分,三、植物,各类树木、花草、粮食作物、蔬菜等,
0175,蘑菇野生的,蕈 ɕiŋ²³¹,第三部分,三、植物,各类树木、花草、粮食作物、蔬菜等,
0176,香菇,香菇 ɕiaŋ³³ ku⁵³,第三部分,三、植物,各类树木、花草、粮食作物、蔬菜等,
0177,稻子结植物,稻 dɔ²³¹,第三部分,三、植物,各类树木、花草、粮食作物、蔬菜等,
0178,稻谷稻粒,谷 kuɔʔ⁵,第三部分,三、植物,各类树木、花草、粮食作物、蔬菜等,
0179,稻草,稻草 dɔ²² tsʰɔ̃³⁴,第三部分,三、植物,各类树木、花草、粮食作物、蔬菜等,
0180,大麦,大麦 do²² mɐʔ⁵,第三部分,三、植物,各类树木、花草、粮食作物、蔬菜等,
0181,小麦,小麦 ɕiɔ³³ mɐʔ⁵,第三部分,三、植物,各类树木、花草、粮食作物、蔬菜等,
0182,麦秸脱粒后的,麦秆草 mɐʔ⁵ kɛ̃⁴⁴ tsʰɔ̃³¹,第三部分,三、植物,各类树木、花草、粮食作物、蔬菜等,
0183,谷子,（无）,第三部分,三、植物,各类树木、花草、粮食作物、蔬菜等,
0184,高粱,打粟 taŋ⁴⁴ soʔ⁵,第三部分,三、植物,各类树木、花草、粮食作物、蔬菜等,
0185,玉米,玉粟 ɲiɔʔ² soʔ⁵,第三部分,三、植物,各类树木、花草、粮食作物、蔬菜等,
0186,棉花,棉花 mie²² huo⁵³,第三部分,三、植物,各类树木、花草、粮食作物、蔬菜等,
0187,油菜籽,油菜 ɦiɤ²² tsʰɛ³³,第三部分,三、植物,各类树木、花草、粮食作物、蔬菜等,
0188,芝麻,芝麻 tsɿ³³ mo³¹,第三部分,三、植物,各类树木、花草、粮食作物、蔬菜等,
0189,向日葵,向日葵 ɕiaŋ³³ zəʔ² guɛ²²,第三部分,三、植物,各类树木、花草、粮食作物、蔬菜等,
0190,蚕豆,罗汉豆 lo²² ɦɛ³³ dɤ³¹,第三部分,三、植物,各类树木、花草、粮食作物、蔬菜等,
0191,豌豆,蚕豆 zɛ²² dɤ²²,第三部分,三、植物,各类树木、花草、粮食作物、蔬菜等,
0192,花生,长生果 dzaŋ²² səŋ⁴⁴ ku³¹,第三部分,三、植物,各类树木、花草、粮食作物、蔬菜等,
0193,黄豆,花生 ɦuo³³ səŋ³³,第三部分,三、植物,各类树木、花草、粮食作物、蔬菜等,
0194,绿豆,毛豆 mɔ²² dɤ²²,第三部分,三、植物,各类树木、花草、粮食作物、蔬菜等,
0195,豇豆,绿豆 loʔ² dɤ²²,第三部分,三、植物,各类树木、花草、粮食作物、蔬菜等,
0196,大白菜,长豇豆 dzaŋ²² kɔŋ³³ dɤ⁵³,第三部分,三、植物,各类树木、花草、粮食作物、蔬菜等,
0197,包心菜,胶菜 tɕiɔ³³ tsʰɛ⁵³,第三部分,三、植物,各类树木、花草、粮食作物、蔬菜等,
0198,菠菜,包心菜 pɔ³³ ɕiŋ⁵³ tsʰɛ⁵³,第三部分,三、植物,各类树木、花草、粮食作物、蔬菜等,
0199,芹菜,菠菜 po³³ tsʰɛ⁵³,第三部分,三、植物,各类树木、花草、粮食作物、蔬菜等,
0200,莴笋,芹菜 dʑiŋ²² tsʰɛ³³,第三部分,三、植物,各类树木、花草、粮食作物、蔬菜等,
0201,韭菜,莴苣笋 o³³ tɕy⁴⁴ ɕiŋ³¹,第三部分,三、植物,各类树木、花草、粮食作物、蔬菜等,
0202,香菜,韭菜 tɕiɤ⁴⁴ tsʰɛ³¹,第三部分,三、植物,各类树木、花草、粮食作物、蔬菜等,
0203,葱,香菜 ɕiaŋ³³ tsʰɛ³³,第三部分,三、植物,各类树木、花草、粮食作物、蔬菜等,
0204,蒜,葱 tsʰoŋ⁵³,第三部分,三、植物,各类树木、花草、粮食作物、蔬菜等,
0205,姜,大蒜 da²² sɔ̃³¹,第三部分,三、植物,各类树木、花草、粮食作物、蔬菜等,
0206,洋葱,生姜 sã³³ tɕiaŋ⁵³,第三部分,三、植物,各类树木、花草、粮食作物、蔬菜等,
0207,辣椒,金葱头 tɕiŋ³³ tsʰoŋ⁴⁴ dɤ³¹,第三部分,三、植物,各类树木、花草、粮食作物、蔬菜等,
0208,茄子,辣茄 lɛʔ² dʑia³¹,第三部分,三、植物,各类树木、花草、粮食作物、蔬菜等,
0209,西红柿,茄子 dʑia²² tsɿ⁵³,第三部分,三、植物,各类树木、花草、粮食作物、蔬菜等,
0210,萝卜,番茄 fɛ̃³³ dʑia³¹,第三部分,三、植物,各类树木、花草、粮食作物、蔬菜等,
0211,胡萝卜,萝卜 lo²² boʔ⁵,第三部分,三、植物,各类树木、花草、粮食作物、蔬菜等,
0212,黄瓜,胡萝卜 u²² lo²² boʔ⁵,第三部分,三、植物,各类树木、花草、粮食作物、蔬菜等,
0213,丝瓜,黄瓜 uaŋ²² kuɔ⁵³,第三部分,三、植物,各类树木、花草、粮食作物、蔬菜等,
0214,南瓜,丝瓜 sɿ³³ kuɔ⁵³,第三部分,三、植物,各类树木、花草、粮食作物、蔬菜等,
0215,荸荠,南瓜 nɔ̃²² kuɔ⁵³,第三部分,三、植物,各类树木、花草、粮食作物、蔬菜等,
0216,红薯,蒲荠 bu²² dʑi³¹,第三部分,三、植物,各类树木、花草、粮食作物、蔬菜等,
0217,马铃薯,番芋 fɛ̃³³ ɦy³¹,第三部分,三、植物,各类树木、花草、粮食作物、蔬菜等,
0218,芋头,洋芋艿 iaŋ²² ɦy²² na³³,第三部分,三、植物,各类树木、花草、粮食作物、蔬菜等,
0219,山药,芋艿头 ɦy²² na⁴⁴ dɤ³³,第三部分,三、植物,各类树木、花草、粮食作物、蔬菜等,
0220,藕,山药 sɛ̃³³ ɦiaʔ⁵,第三部分,三、植物,各类树木、花草、粮食作物、蔬菜等,
0221,老虎,老虎 lɔ²⁴ fu³¹,第四部分,四、动物,家禽家畜、飞禽走兽、虫类等,
0222,猴子,活狲 ɦuoʔ² sɔ̃⁵³,第四部分,四、动物,家禽家畜、飞禽走兽、虫类等,
0223,蛇,蛇 zo²³¹,第四部分,四、动物,家禽家畜、飞禽走兽、虫类等,
0224,老鼠,老鼠 lɔ²⁴ tsʰɿ³¹,第四部分,四、动物,家禽家畜、飞禽走兽、虫类等,
0225,蝙蝠,蝙蝠 pieʔ⁵ foʔ⁵,第四部分,四、动物,家禽家畜、飞禽走兽、虫类等,
0226,鸟儿,鸟 niɔ³³⁴,第四部分,四、动物,家禽家畜、飞禽走兽、虫类等,
0227,麻雀,麻鸟 mo²² tiɔ³³,第四部分,四、动物,家禽家畜、飞禽走兽、虫类等,
0228,喜鹊,喜鹊 ɕi⁵³ tɕʰiaʔ⁵,第四部分,四、动物,家禽家畜、飞禽走兽、虫类等,
0229,乌鸦,乌老鸦 u³³ lɔ²⁴ o³¹,第四部分,四、动物,家禽家畜、飞禽走兽、虫类等,
0230,鸽子,白鸽 bɐʔ² kɛʔ⁵,第四部分,四、动物,家禽家畜、飞禽走兽、虫类等,
0231,翅膀,翼膀 ɦieʔ² pʰoŋ³⁴,第四部分,四、动物,家禽家畜、飞禽走兽、虫类等,
0232,爪子,脚爪 tɕiaʔ⁵ tsɔ⁵³,第四部分,四、动物,家禽家畜、飞禽走兽、虫类等,
0233,尾巴,尾巴 mi²⁴ po³¹,第四部分,四、动物,家禽家畜、飞禽走兽、虫类等,
0234,窝,窠 kʰo⁵³,第四部分,四、动物,家禽家畜、飞禽走兽、虫类等,
0235,虫子,虫 dzoŋ²³¹,第四部分,四、动物,家禽家畜、飞禽走兽、虫类等,
0236,蝴蝶,蝴蝶 u²² dieʔ⁵,第四部分,四、动物,家禽家畜、飞禽走兽、虫类等,
0237,蜻蜓,蜻蜓 tsʰiŋ³³ diŋ²³¹,第四部分,四、动物,家禽家畜、飞禽走兽、虫类等,
0238,蜜蜂,蜜蜂 mieʔ² foŋ⁵³,第四部分,四、动物,家禽家畜、飞禽走兽、虫类等,
0239,蜂蜜,蜜糖 mieʔ² daŋ³¹,第四部分,四、动物,家禽家畜、飞禽走兽、虫类等,
0240,知了,知了 tsɿ³³ liɔ³³,第四部分,四、动物,家禽家畜、飞禽走兽、虫类等,
0241,蚂蚁,火蚁 fu³³ ni²³¹,第四部分,四、动物,家禽家畜、飞禽走兽、虫类等,
0242,蚯蚓,蛐蟮 tsʰiɔʔ⁵ zɛ̃²²,第四部分,四、动物,家禽家畜、飞禽走兽、虫类等,
0243,蚕,蚕 zɛ²³¹,第四部分,四、动物,家禽家畜、飞禽走兽、虫类等,
0244,蜘蛛,结蛛老聒 tɕieʔ⁵ tɕy³³ lɔ²⁴ poʔ⁵,第四部分,四、动物,家禽家畜、飞禽走兽、虫类等,
0245,蚊子,蚊虫 mɛ²² dzoŋ³¹,第四部分,四、动物,家禽家畜、飞禽走兽、虫类等,
0246,苍蝇,苍蝇 tsʰɔ̃³³ ɦiŋ²³¹,第四部分,四、动物,家禽家畜、飞禽走兽、虫类等,
0247,跳蚤,蛇蚤 ɦieʔ⁵ tsɔ⁵³,第四部分,四、动物,家禽家畜、飞禽走兽、虫类等,
0248,虱子,虱子 sɔʔ⁵ tsɿ⁵³,第四部分,四、动物,家禽家畜、飞禽走兽、虫类等,
0249,鱼,鱼 ɲ²²³,第四部分,四、动物,家禽家畜、飞禽走兽、虫类等,
0250,鲤鱼,鲤刺 ɦi²⁴ tsʰɿ³¹,第四部分,四、动物,家禽家畜、飞禽走兽、虫类等,
0251,鲫鱼,胖头鱼 pʰɔŋ³³ dɤ⁴⁴ ɲ²³¹,第四部分,四、动物,家禽家畜、飞禽走兽、虫类等,
0252,鳜鱼,鳜鱼 tɕieʔ⁵ ɲ³¹,第四部分,四、动物,家禽家畜、飞禽走兽、虫类等,
0253,甲鱼,甲鱼 kɐʔ⁵ ɲ²³¹,第四部分,四、动物,家禽家畜、飞禽走兽、虫类等,
0254,鳝鱼,鱼鳝 ɲ²² dʑie³¹,第四部分,四、动物,家禽家畜、飞禽走兽、虫类等,
0255,螃蟹,蟹 ɦɔ³⁴,第四部分,四、动物,家禽家畜、飞禽走兽、虫类等,
0256,螃蟹,蟹 ɦɔ³⁴,第四部分,四、动物,家禽家畜、飞禽走兽、虫类等,
0257,青蛙,青蛙 tsʰiŋ³³ uo³³,第四部分,四、动物,家禽家畜、飞禽走兽、虫类等,
0258,癞蛤蟆,田鸡 die²² tɕi³³,第四部分,四、动物,家禽家畜、飞禽走兽、虫类等,
0259,马,马 mo²²³,第四部分,四、动物,家禽家畜、飞禽走兽、虫类等,
0260,驴,驴 ɦy²³¹,第四部分,四、动物,家禽家畜、飞禽走兽、虫类等,
0261,骡,（无）,第四部分,四、动物,家禽家畜、飞禽走兽、虫类等,
0262,牛,牛 ɲiɤ²³¹,第四部分,四、动物,家禽家畜、飞禽走兽、虫类等,
0263,公牛,雄牛 ɦioŋ²² ɲiɤ³¹,第四部分,四、动物,家禽家畜、飞禽走兽、虫类等,
0264,母牛,雌牛 tsʰɿ³³ ɲiɤ²³¹,第四部分,四、动物,家禽家畜、飞禽走兽、虫类等,
0265,放牛,放牛 fɔŋ³³ ɲiɤ³¹,第四部分,四、动物,家禽家畜、飞禽走兽、虫类等,
0266,羊,羊 iaŋ²³¹,第四部分,四、动物,家禽家畜、飞禽走兽、虫类等,
0267,猪,肉猪 ɲiɔʔ² tsɿ³³,第四部分,四、动物,家禽家畜、飞禽走兽、虫类等,
0268,种猪配种用的公猪,猪种 pʰɔ³³ tsɿ⁵³,第四部分,四、动物,家禽家畜、飞禽走兽、虫类等,
0269,公猪,猪 ɲiɔʔ² tsɿ³³,第四部分,四、动物,家禽家畜、飞禽走兽、虫类等,
0270,母猪,雌猪 tsʰɿ³³ tsɿ³³,第四部分,四、动物,家禽家畜、飞禽走兽、虫类等,
0271,猪崽,小猪 ɕiɔ³³ niɔ⁴⁴ tsʰɿ³¹,第四部分,四、动物,家禽家畜、飞禽走兽、虫类等,
0272,猪圈,猪窠 tsɿ³³ kʰo³³,第四部分,四、动物,家禽家畜、飞禽走兽、虫类等,
0273,养猪,养猪 iaŋ³³ tsɿ³³,第四部分,四、动物,家禽家畜、飞禽走兽、虫类等,
0274,猫,猫 mɔ²³¹,第四部分,四、动物,家禽家畜、飞禽走兽、虫类等,
0275,公猫,雄猫 ɦioŋ²² mɔ³¹,第四部分,四、动物,家禽家畜、飞禽走兽、虫类等,
0276,母猫,雌猫 tsʰɿ³³ mɔ³¹,第四部分,四、动物,家禽家畜、飞禽走兽、虫类等,
0277,狗,狗 kɤ³³⁴,第四部分,四、动物,家禽家畜、飞禽走兽、虫类等,
0278,公狗,雄狗 ɦioŋ²² kɤ³³⁴,第四部分,四、动物,家禽家畜、飞禽走兽、虫类等,
0279,母狗,雌狗 tsʰɿ³³ kɤ³³⁴,第四部分,四、动物,家禽家畜、飞禽走兽、虫类等,
0280,叫,叫 tɕiɔ³³,第四部分,四、动物,家禽家畜、飞禽走兽、虫类等,
0281,兔子,兔 tʰu³³,第四部分,四、动物,家禽家畜、飞禽走兽、虫类等,
0282,鸡,鸡 tɕi³³,第四部分,四、动物,家禽家畜、飞禽走兽、虫类等,
0283,公鸡,雄鸡 ɦioŋ²² tɕi³³,第四部分,四、动物,家禽家畜、飞禽走兽、虫类等,
0284,母鸡,鸡娘 tɕi³³ ɲiaŋ³³,第四部分,四、动物,家禽家畜、飞禽走兽、虫类等,
0285,叫公鸡~,啼 di³¹,第四部分,四、动物,家禽家畜、飞禽走兽、虫类等,
0286,下鸡~蛋,生 saŋ³³,第四部分,四、动物,家禽家畜、飞禽走兽、虫类等,
0287,孵~小鸡,伏 bu²²,第四部分,四、动物,家禽家畜、飞禽走兽、虫类等,
0288,鸭,鸭 ɛʔ⁵,第四部分,四、动物,家禽家畜、飞禽走兽、虫类等,
0289,鹅,白狗 bɐʔ² kɤ³³⁴,第四部分,四、动物,家禽家畜、飞禽走兽、虫类等,未落入已知类别区间; 原表动物止0288；按内容并入第四部分
0290,阉~公的猪,阉 iɛ̃³³,第四部分,四、动物,家禽家畜、飞禽走兽、虫类等,未落入已知类别区间; 原表动物止0288；按内容并入第四部分
0291,阉~母的猪,阉 iɛ̃³³,第四部分,四、动物,家禽家畜、飞禽走兽、虫类等,未落入已知类别区间; 原表动物止0288；按内容并入第四部分
0292,阉~鸡,阉 iɛ̃³³,第四部分,四、动物,家禽家畜、飞禽走兽、虫类等,未落入已知类别区间; 原表动物止0288；按内容并入第四部分
0293,喂~猪,饲 zɿ²²,第四部分,四、动物,家禽家畜、飞禽走兽、虫类等,未落入已知类别区间; 原表动物止0288；按内容并入第四部分
0294,杀猪,装板肉猪 tsaŋ³³ pɛ̃⁴⁴ ɲiɔʔ⁴⁴ tsɿ³³,第四部分,四、动物,家禽家畜、飞禽走兽、虫类等,未落入已知类别区间; 原表动物止0288；按内容并入第四部分
0295,杀~鱼,钹 pʰɔ̃³³,第五部分,五、房舍器具,房屋建筑、卧室厨房、各类生活用具等,
0296,村庄,村堂 tsʰəŋ³³ dɑŋ³¹,第五部分,五、房舍器具,房屋建筑、卧室厨房、各类生活用具等,
0297,胡同,弄堂 loŋ²² dɑŋ²²,第五部分,五、房舍器具,房屋建筑、卧室厨房、各类生活用具等,
0298,街道,街 ka⁵³,第五部分,五、房舍器具,房屋建筑、卧室厨房、各类生活用具等,
0299,盖房子,起房子 tsʰi³³ ʋɑŋ²² tsɿ⁵³,第五部分,五、房舍器具,房屋建筑、卧室厨房、各类生活用具等,
0300,房子,造房子 zɔ²² ʋɑŋ²² tsɿ⁵³,第五部分,五、房舍器具,房屋建筑、卧室厨房、各类生活用具等,
0301,屋子,房子 ʋɑŋ²² tsɿ⁵³,第五部分,五、房舍器具,房屋建筑、卧室厨房、各类生活用具等,
0302,卧室,房间 uoŋ²² kɛ̃³³,第五部分,五、房舍器具,房屋建筑、卧室厨房、各类生活用具等,
0303,厨房,草舍 tsʰɔ³³ so³¹,第五部分,五、房舍器具,房屋建筑、卧室厨房、各类生活用具等,
0304,灶头,灶头间 tsɔ³³ dɤ²² kɛ̃³³,第五部分,五、房舍器具,房屋建筑、卧室厨房、各类生活用具等,
0305,锅,镬 ɦuoʔ⁵,第五部分,五、房舍器具,房屋建筑、卧室厨房、各类生活用具等,
0306,锅,镬 ɦuoʔ⁵,第五部分,五、房舍器具,房屋建筑、卧室厨房、各类生活用具等,
0307,饭锅,罐头 kuõ⁵³ dɤ³³,第五部分,五、房舍器具,房屋建筑、卧室厨房、各类生活用具等,
0308,菜锅,镬 ɦuoʔ⁵,第五部分,五、房舍器具,房屋建筑、卧室厨房、各类生活用具等,
0309,厕所,马桶头 mo²⁴ tʰoŋ⁴⁴ dɤ³¹,第五部分,五、房舍器具,房屋建筑、卧室厨房、各类生活用具等,
0310,横,桁条 ɦaŋ²² diɔ³¹,第五部分,五、房舍器具,房屋建筑、卧室厨房、各类生活用具等,
0311,柱子,柱胴 dʑy²⁴ tʰaŋ²³¹,第五部分,五、房舍器具,房屋建筑、卧室厨房、各类生活用具等,
0312,大门,台门 dɛ²² mɛ³¹,第五部分,五、房舍器具,房屋建筑、卧室厨房、各类生活用具等,
0313,门槛,门槛 me²² kʰɛ̃³³,第五部分,五、房舍器具,房屋建筑、卧室厨房、各类生活用具等,
0314,窗,窗门 tsʰɔ̃³³ mɛ³¹,第五部分,五、房舍器具,房屋建筑、卧室厨房、各类生活用具等,
0315,梯子,梯子 tʰi³³ tsɿ⁵³,第五部分,五、房舍器具,房屋建筑、卧室厨房、各类生活用具等,
0316,扫帚,扫帚 sɔ³³ tsɤ³³⁴,第五部分,五、房舍器具,房屋建筑、卧室厨房、各类生活用具等,
0317,扫地,扫地下 sɔ³³ dɿ⁴⁴ o³¹,第五部分,五、房舍器具,房屋建筑、卧室厨房、各类生活用具等,
0318,垃圾,埃墣 ɛ̃⁵³ tsʰɿ⁵³,第五部分,五、房舍器具,房屋建筑、卧室厨房、各类生活用具等,
0319,家具,家具 tɕia³³ dʑy³³,第五部分,五、房舍器具,房屋建筑、卧室厨房、各类生活用具等,
0320,东西,东西 toŋ³³ ɕi³³,第五部分,五、房舍器具,房屋建筑、卧室厨房、各类生活用具等,
0321,炕,（无）,第五部分,五、房舍器具,房屋建筑、卧室厨房、各类生活用具等,
0322,床,眠床 mɛ²² zɔŋ³¹,第五部分,五、房舍器具,房屋建筑、卧室厨房、各类生活用具等,
0323,枕头,枕头 tsɛ̃⁴⁴ dɤ³¹,第五部分,五、房舍器具,房屋建筑、卧室厨房、各类生活用具等,
0324,被子,棉被 mie²² ɦuɔ⁵³,第五部分,五、房舍器具,房屋建筑、卧室厨房、各类生活用具等,
0325,棉絮,棉花 mie²² ɦuo⁵³,第五部分,五、房舍器具,房屋建筑、卧室厨房、各类生活用具等,
0326,床单,床毯 zɔŋ²² tʰɛ̃⁵³,第五部分,五、房舍器具,房屋建筑、卧室厨房、各类生活用具等,
0327,褥子,垫被 die²² bi²²³,第五部分,五、房舍器具,房屋建筑、卧室厨房、各类生活用具等,
0328,席子,草席 tsʰɔ³³ ʑieʔ⁵,第五部分,五、房舍器具,房屋建筑、卧室厨房、各类生活用具等,
0329,蚊帐,帐子 tsaŋ³³ tsɿ⁵³,第五部分,五、房舍器具,房屋建筑、卧室厨房、各类生活用具等,
0330,桌子,桌子 tsoʔ⁵ tsɿ⁵³,第五部分,五、房舍器具,房屋建筑、卧室厨房、各类生活用具等,
0331,柜子,柜子 dʑy²²,第五部分,五、房舍器具,房屋建筑、卧室厨房、各类生活用具等,
0332,抽屉,抽斗 tsʰɤ³³ tɤ³³⁴,第五部分,五、房舍器具,房屋建筑、卧室厨房、各类生活用具等,
0333,桌子,面桌 uõ²² tsoʔ⁵,第五部分,五、房舍器具,房屋建筑、卧室厨房、各类生活用具等,
0334,椅子,茶儿 dzo²² ɦi⁵³,第五部分,五、房舍器具,房屋建筑、卧室厨房、各类生活用具等,
0335,凳子,凳子 təŋ³³ tsɿ⁵³,第五部分,五、房舍器具,房屋建筑、卧室厨房、各类生活用具等,
0336,马桶,马桶 mo²⁴ doŋ³¹,第五部分,五、房舍器具,房屋建筑、卧室厨房、各类生活用具等,
0337,菜刀,薄刀 boʔ² tɔ³³,第五部分,五、房舍器具,房屋建筑、卧室厨房、各类生活用具等,
0338,瓢,缸 kɔŋ³³,第五部分,五、房舍器具,房屋建筑、卧室厨房、各类生活用具等,
0339,坛子,坛 dɔ²³¹,第五部分,五、房舍器具,房屋建筑、卧室厨房、各类生活用具等,
0340,瓶子,瓶 biŋ²³¹,第五部分,五、房舍器具,房屋建筑、卧室厨房、各类生活用具等,
0341,盖子,盖 kɛ³³,第五部分,五、房舍器具,房屋建筑、卧室厨房、各类生活用具等,
0342,碗,碗 uɔ³³⁴,第五部分,五、房舍器具,房屋建筑、卧室厨房、各类生活用具等,
0343,筷子,筷 kʰua³³,第五部分,五、房舍器具,房屋建筑、卧室厨房、各类生活用具等,
0344,汤匙,汤瓢 tʰɔ̃³³ biɔ³¹,第五部分,五、房舍器具,房屋建筑、卧室厨房、各类生活用具等,
0345,柴火,柴 za³¹,第五部分,五、房舍器具,房屋建筑、卧室厨房、各类生活用具等,
0346,火柴,擘来火 biɛ̃²² ɦie²² fu³⁴,第五部分,五、房舍器具,房屋建筑、卧室厨房、各类生活用具等,
0347,锁,锁 so³⁴,第五部分,五、房舍器具,房屋建筑、卧室厨房、各类生活用具等,
0348,钥匙,钥匙 iaʔ⁵ zɿ³¹,第五部分,五、房舍器具,房屋建筑、卧室厨房、各类生活用具等,
0349,暖水瓶,热水壶 nieʔ² sɿ⁴⁴ u³¹,第五部分,五、房舍器具,房屋建筑、卧室厨房、各类生活用具等,
0350,脸盆,脸盆 ɦie²² bɛ²³¹,第五部分,五、房舍器具,房屋建筑、卧室厨房、各类生活用具等,
0351,洗脸水,洗脸水 ɕi³³ ɦie²² sɿ³⁴,第五部分,五、房舍器具,房屋建筑、卧室厨房、各类生活用具等,
0352,手绢,手绢 sɤ⁴⁴ tɕyɔ̃³¹,第五部分,五、房舍器具,房屋建筑、卧室厨房、各类生活用具等,
0353,毛巾,绸片 dʑy²² pʰie⁵³,第五部分,五、房舍器具,房屋建筑、卧室厨房、各类生活用具等,
0354,肥皂,肥皂 bi²² zɔ²³¹,第五部分,五、房舍器具,房屋建筑、卧室厨房、各类生活用具等,
0355,梳子,木梳 doʔ² ɕy³³,第五部分,五、房舍器具,房屋建筑、卧室厨房、各类生活用具等,
0356,缝衣针,引线 ɦiŋ²⁴ ɕie³³,第五部分,五、房舍器具,房屋建筑、卧室厨房、各类生活用具等,
0357,剪子,剪刀 tɕie³³ tɔ³³,第五部分,五、房舍器具,房屋建筑、卧室厨房、各类生活用具等,
0358,蜡烛,蜡烛 lɛʔ² tsoʔ⁵,第五部分,五、房舍器具,房屋建筑、卧室厨房、各类生活用具等,
0359,手电筒,电筒 die²² doŋ³⁴,第五部分,五、房舍器具,房屋建筑、卧室厨房、各类生活用具等,
0360,雨伞,雨伞 ɦy²⁴ sɛ̃³¹,第五部分,五、房舍器具,房屋建筑、卧室厨房、各类生活用具等,
0361,自行车,脚踏车 tɕiaʔ⁵ dɛʔ⁵ tsʰo³³,第五部分,五、房舍器具,房屋建筑、卧室厨房、各类生活用具等,
0362,火柴,擘来火 biɛ̃²² ɦie²² fu³⁴,第五部分,五、房舍器具,房屋建筑、卧室厨房、各类生活用具等,
0363,衣服,衣裳 i³³ zaŋ³¹,第六部分,六、服饰饮食,衣物鞋帽、米饭面食、烟酒糖茶、烹饪方式等,
0364,穿~衣服,穿 tsʰiɛ̃³³,第六部分,六、服饰饮食,衣物鞋帽、米饭面食、烟酒糖茶、烹饪方式等,
0365,脱~衣服,脱 tʰɔʔ⁵,第六部分,六、服饰饮食,衣物鞋帽、米饭面食、烟酒糖茶、烹饪方式等,
0366,系~鞋带,钓 tiɔ³³,第六部分,六、服饰饮食,衣物鞋帽、米饭面食、烟酒糖茶、烹饪方式等,
0367,衬衫,衬衫 tsʰəŋ³³ sɛ̃³³,第六部分,六、服饰饮食,衣物鞋帽、米饭面食、烟酒糖茶、烹饪方式等,
0368,背心,汗背心 ɦɛ̃²² pɛ³³ ɕiŋ³³,第六部分,六、服饰饮食,衣物鞋帽、米饭面食、烟酒糖茶、烹饪方式等,
0369,毛衣,毛线衫 mɔ²² ɕie⁵³ sɛ̃³³,第六部分,六、服饰饮食,衣物鞋帽、米饭面食、烟酒糖茶、烹饪方式等,
0370,棉衣,棉袄 mie²² ɔ³⁴,第六部分,六、服饰饮食,衣物鞋帽、米饭面食、烟酒糖茶、烹饪方式等,
0371,袖子,袖口 ziɤ²² kʰɤ³⁴,第六部分,六、服饰饮食,衣物鞋帽、米饭面食、烟酒糖茶、烹饪方式等,
0372,口袋,袋袋 dɛ²² dɛ³¹,第六部分,六、服饰饮食,衣物鞋帽、米饭面食、烟酒糖茶、烹饪方式等,
0373,裤子,裤子 kʰu³³ tsɿ⁵³,第六部分,六、服饰饮食,衣物鞋帽、米饭面食、烟酒糖茶、烹饪方式等,
0374,短裤,短裤 tɔ̃³³ kʰu³¹,第六部分,六、服饰饮食,衣物鞋帽、米饭面食、烟酒糖茶、烹饪方式等,
0375,裤腿,裤脚 kʰu³³ tɕiaʔ⁵,第六部分,六、服饰饮食,衣物鞋帽、米饭面食、烟酒糖茶、烹饪方式等,
0376,帽子,帽 mɔ²²,第六部分,六、服饰饮食,衣物鞋帽、米饭面食、烟酒糖茶、烹饪方式等,
0377,鞋子,鞋 ɦa³¹,第六部分,六、服饰饮食,衣物鞋帽、米饭面食、烟酒糖茶、烹饪方式等,
0378,袜子,袜 mɛʔ⁵,第六部分,六、服饰饮食,衣物鞋帽、米饭面食、烟酒糖茶、烹饪方式等,
0379,围巾,颈围 tɕiŋ⁴⁴ ɦuɐ³¹,第六部分,六、服饰饮食,衣物鞋帽、米饭面食、烟酒糖茶、烹饪方式等,
0380,围裙,围身 ɦy³³ sɛ̃³³,第六部分,六、服饰饮食,衣物鞋帽、米饭面食、烟酒糖茶、烹饪方式等,
0381,尿布,尿布头 sɿ³³ pu³³ dɤ³¹,第六部分,六、服饰饮食,衣物鞋帽、米饭面食、烟酒糖茶、烹饪方式等,
0382,扣子,纽扣 ɲiɤ³³ kʰɤ³³,第六部分,六、服饰饮食,衣物鞋帽、米饭面食、烟酒糖茶、烹饪方式等,
0383,扣~扣子,扣 kʰɤ³³,第六部分,六、服饰饮食,衣物鞋帽、米饭面食、烟酒糖茶、烹饪方式等,
0384,戒指,戒指 ka³³ tsɿ³³,第六部分,六、服饰饮食,衣物鞋帽、米饭面食、烟酒糖茶、烹饪方式等,
0385,手镯,手镯 sɤ³³ zoʔ⁵,第六部分,六、服饰饮食,衣物鞋帽、米饭面食、烟酒糖茶、烹饪方式等,
0386,理发,剃头 tʰi³³ dɤ²³¹,第六部分,六、服饰饮食,衣物鞋帽、米饭面食、烟酒糖茶、烹饪方式等,
0387,梳头,梳头 sɿ³³ dɤ³¹,第六部分,六、服饰饮食,衣物鞋帽、米饭面食、烟酒糖茶、烹饪方式等,
0388,米饭,饭 ʋɛ̃²²,第六部分,六、服饰饮食,衣物鞋帽、米饭面食、烟酒糖茶、烹饪方式等,
0389,稀饭,粥 tsoʔ⁵,第六部分,六、服饰饮食,衣物鞋帽、米饭面食、烟酒糖茶、烹饪方式等,
0390,面粉,麦粉 mɐʔ² fɛ̃³⁴,第六部分,六、服饰饮食,衣物鞋帽、米饭面食、烟酒糖茶、烹饪方式等,
0391,面条,面 mie²²,第六部分,六、服饰饮食,衣物鞋帽、米饭面食、烟酒糖茶、烹饪方式等,
0392,面儿玉米~,粉 fɛ̃³⁴,第六部分,六、服饰饮食,衣物鞋帽、米饭面食、烟酒糖茶、烹饪方式等,
0393,馒头,面包 mie²² pɔ³³,第六部分,六、服饰饮食,衣物鞋帽、米饭面食、烟酒糖茶、烹饪方式等,
0394,包子,馒头 muɔ²² dɤ³¹,第六部分,六、服饰饮食,衣物鞋帽、米饭面食、烟酒糖茶、烹饪方式等,
0395,饺子,饺子 tɕiɔ³³ tsɿ⁵³,第六部分,六、服饰饮食,衣物鞋帽、米饭面食、烟酒糖茶、烹饪方式等,
0396,馄饨,馄饨 uɔ̃²² dəŋ³¹,第六部分,六、服饰饮食,衣物鞋帽、米饭面食、烟酒糖茶、烹饪方式等,
0397,馅儿,馅子 ɛ̃²² tsɿ⁵³,第六部分,六、服饰饮食,衣物鞋帽、米饭面食、烟酒糖茶、烹饪方式等,
0398,油条,麻花 mo²² huo⁵³,第六部分,六、服饰饮食,衣物鞋帽、米饭面食、烟酒糖茶、烹饪方式等,
0399,豆腐脑,豆腐浆 dɤ²² ʋu³³ tɕiaŋ⁵³,第六部分,六、服饰饮食,衣物鞋帽、米饭面食、烟酒糖茶、烹饪方式等,
0400,豆浆,豆腐浆 dɤ²² ʋu³³ tɕiaŋ⁵³,第六部分,六、服饰饮食,衣物鞋帽、米饭面食、烟酒糖茶、烹饪方式等,
0401,元宵食品,汤团 tʰɔ̃³³ dø̃²³,第六部分,六、服饰饮食,衣物鞋帽、米饭面食、烟酒糖茶、烹饪方式等,
0402,粽子,粽子 tsoŋ³³ tsɿ⁵³,第六部分,六、服饰饮食,衣物鞋帽、米饭面食、烟酒糖茶、烹饪方式等,
0403,年糕,年糕 ɲie²² kɔ³³,第六部分,六、服饰饮食,衣物鞋帽、米饭面食、烟酒糖茶、烹饪方式等,
0404,点心,点心 tie³³ ɕiŋ³³,第六部分,六、服饰饮食,衣物鞋帽、米饭面食、烟酒糖茶、烹饪方式等,
0405,菜,下饭 ɦo²² ʋɛ̃²²,第六部分,六、服饰饮食,衣物鞋帽、米饭面食、烟酒糖茶、烹饪方式等,
0406,干菜,乌干菜 u³³ kɛ̃³³ tsʰɛ³³,第六部分,六、服饰饮食,衣物鞋帽、米饭面食、烟酒糖茶、烹饪方式等,
0407,猪血,（无）,第六部分,六、服饰饮食,衣物鞋帽、米饭面食、烟酒糖茶、烹饪方式等,
0408,猪蹄,猪脚爪 tsɿ³³ tɕiaʔ⁵ tsɔ⁵³,第六部分,六、服饰饮食,衣物鞋帽、米饭面食、烟酒糖茶、烹饪方式等,
0409,舌头,猪舌 ɕieʔ² dʑieʔ⁵,第六部分,六、服饰饮食,衣物鞋帽、米饭面食、烟酒糖茶、烹饪方式等,
0410,肝,猪肝 tsɿ³³ kɛ̃³³,第六部分,六、服饰饮食,衣物鞋帽、米饭面食、烟酒糖茶、烹饪方式等,
0411,下水,下脚货 ɦo²² tɕiaʔ⁵ fu³³,第六部分,六、服饰饮食,衣物鞋帽、米饭面食、烟酒糖茶、烹饪方式等,
0412,鸡蛋,鸡子 tɕi³³ tsɿ⁵³,第六部分,六、服饰饮食,衣物鞋帽、米饭面食、烟酒糖茶、烹饪方式等,
0413,松花蛋,皮蛋 bi²² dɛ³³,第六部分,六、服饰饮食,衣物鞋帽、米饭面食、烟酒糖茶、烹饪方式等,
0414,猪油,猪油 tsɿ³³ ɦiɤ³¹,第六部分,六、服饰饮食,衣物鞋帽、米饭面食、烟酒糖茶、烹饪方式等,
0415,香油,菜油 tsʰɛ³³ ɦiɤ³³,第六部分,六、服饰饮食,衣物鞋帽、米饭面食、烟酒糖茶、烹饪方式等,
0416,酱油,酱油 tɕiaŋ³³ ɦiɤ³³,第六部分,六、服饰饮食,衣物鞋帽、米饭面食、烟酒糖茶、烹饪方式等,
0417,盐,盐 ɦie²³¹,第六部分,六、服饰饮食,衣物鞋帽、米饭面食、烟酒糖茶、烹饪方式等,
0418,醋,醋 tsʰu³³,第六部分,六、服饰饮食,衣物鞋帽、米饭面食、烟酒糖茶、烹饪方式等,
0419,香烟,香烟 ɕiaŋ³³ ɦiɛ̃³³,第六部分,六、服饰饮食,衣物鞋帽、米饭面食、烟酒糖茶、烹饪方式等,
0420,旱烟,烟罐头 iɛ̃³³ kuõ³³ dɤ²²,第六部分,六、服饰饮食,衣物鞋帽、米饭面食、烟酒糖茶、烹饪方式等,
0421,白酒,烧酒 sɔ³³ tɕiɤ³⁴,第六部分,六、服饰饮食,衣物鞋帽、米饭面食、烟酒糖茶、烹饪方式等,
0422,黄酒,老酒 lɔ²⁴ tɕiɤ³¹,第六部分,六、服饰饮食,衣物鞋帽、米饭面食、烟酒糖茶、烹饪方式等,
0423,江米酒,土糟酒 tʰu³³ tsɔ³³ tɕiɤ³¹,第六部分,六、服饰饮食,衣物鞋帽、米饭面食、烟酒糖茶、烹饪方式等,
0424,茶叶,茶叶 dzo²² ɦieʔ⁵,第六部分,六、服饰饮食,衣物鞋帽、米饭面食、烟酒糖茶、烹饪方式等,
0425,沏~茶,泡 pʰɔ³³,第六部分,六、服饰饮食,衣物鞋帽、米饭面食、烟酒糖茶、烹饪方式等,
0426,冰棍儿,棒冰 boŋ³³ piŋ³¹,第六部分,六、服饰饮食,衣物鞋帽、米饭面食、烟酒糖茶、烹饪方式等,
0427,炒饭,烧饭 sɔ³³ ʋɛ̃²²,第六部分,六、服饰饮食,衣物鞋帽、米饭面食、烟酒糖茶、烹饪方式等,
0428,炒菜,炒下饭 tsʰɔ³³ ɦo²² ʋɛ̃²²,第六部分,六、服饰饮食,衣物鞋帽、米饭面食、烟酒糖茶、烹饪方式等,
0429,煮~带壳的鸡蛋,煮 tsɿ³⁴,第六部分,六、服饰饮食,衣物鞋帽、米饭面食、烟酒糖茶、烹饪方式等,
0430,煎~鸡蛋,煎 tɕie³³,第六部分,六、服饰饮食,衣物鞋帽、米饭面食、烟酒糖茶、烹饪方式等,
0431,炸~油条,煤 zɛ²⁵,第六部分,六、服饰饮食,衣物鞋帽、米饭面食、烟酒糖茶、烹饪方式等,
0432,蒸~鱼,蒸 tsəŋ³³,第六部分,六、服饰饮食,衣物鞋帽、米饭面食、烟酒糖茶、烹饪方式等,
0433,揉~面,挼 ɲuɔ̃⁵³,第六部分,六、服饰饮食,衣物鞋帽、米饭面食、烟酒糖茶、烹饪方式等,
0434,擀~面~皮儿,擀 kɛ̃³⁴,第六部分,六、服饰饮食,衣物鞋帽、米饭面食、烟酒糖茶、烹饪方式等,
0435,吃早饭,吃早饭 tɕʰieʔ⁵ tsɔ³³ ʋɛ̃³¹,第六部分,六、服饰饮食,衣物鞋帽、米饭面食、烟酒糖茶、烹饪方式等,
0436,吃中饭,吃中饭 tɕʰieʔ⁵ tsoŋ³³ ʋɛ̃³¹,第六部分,六、服饰饮食,衣物鞋帽、米饭面食、烟酒糖茶、烹饪方式等,
0437,吃晚饭,吃夜饭 tɕʰieʔ⁵ ɦia²² ʋɛ̃³¹,第六部分,六、服饰饮食,衣物鞋帽、米饭面食、烟酒糖茶、烹饪方式等,
0438,吃~饭,吃 tɕʰieʔ⁵,第六部分,六、服饰饮食,衣物鞋帽、米饭面食、烟酒糖茶、烹饪方式等,
0439,喝~酒,吃 tɕʰieʔ⁵,第六部分,六、服饰饮食,衣物鞋帽、米饭面食、烟酒糖茶、烹饪方式等,
0440,喝~茶,吃 tɕʰieʔ⁵,第六部分,六、服饰饮食,衣物鞋帽、米饭面食、烟酒糖茶、烹饪方式等,
0441,抽~烟,吃 tɕʰieʔ⁵,第六部分,六、服饰饮食,衣物鞋帽、米饭面食、烟酒糖茶、烹饪方式等,
0442,盛~饭,盛 zaŋ²³¹,第六部分,六、服饰饮食,衣物鞋帽、米饭面食、烟酒糖茶、烹饪方式等,
0443,夹用筷子~菜,搛 tɕie²³,第六部分,六、服饰饮食,衣物鞋帽、米饭面食、烟酒糖茶、烹饪方式等,
0444,斟~酒,酒 sa³³,第六部分,六、服饰饮食,衣物鞋帽、米饭面食、烟酒糖茶、烹饪方式等,
0445,渴口~,燥 sɔ³³,第六部分,六、服饰饮食,衣物鞋帽、米饭面食、烟酒糖茶、烹饪方式等,
0446,饿肚子~,膳 zɔ̃²³¹,第六部分,六、服饰饮食,衣物鞋帽、米饭面食、烟酒糖茶、烹饪方式等,
0447,噎,噎 ɦieʔ⁵,第六部分,六、服饰饮食,衣物鞋帽、米饭面食、烟酒糖茶、烹饪方式等,
0448,嗝,嗝 ɦieʔ⁵,第六部分,六、服饰饮食,衣物鞋帽、米饭面食、烟酒糖茶、烹饪方式等,
0449,头,头 dɤ³¹,第七部分,七、身体医疗,人体器官、肢体动作、疾病、看病抓药等,
0450,头发,头发 dɤ²² ɦɛʔ⁵,第七部分,七、身体医疗,人体器官、肢体动作、疾病、看病抓药等,
0451,辫子,辫子 biɛ²⁴ tsɿ³¹,第七部分,七、身体医疗,人体器官、肢体动作、疾病、看病抓药等,
0452,旋,旋窝 ʑie²² o⁵³,第七部分,七、身体医疗,人体器官、肢体动作、疾病、看病抓药等,
0453,额头,额角头 ŋɐʔ² koʔ⁵ dɤ³¹,第七部分,七、身体医疗,人体器官、肢体动作、疾病、看病抓药等,
0454,相貌,相貌 ɕiaŋ³³ mɔ³³,第七部分,七、身体医疗,人体器官、肢体动作、疾病、看病抓药等,
0455,脸,脸 ɦie²²³,第七部分,七、身体医疗,人体器官、肢体动作、疾病、看病抓药等,
0456,眼睛,眼睛 ŋɛ²⁴ tɕiŋ³¹,第七部分,七、身体医疗,人体器官、肢体动作、疾病、看病抓药等,
0457,眼珠,眼乌珠 ŋɛ²² u³³ tɕy⁵³,第七部分,七、身体医疗,人体器官、肢体动作、疾病、看病抓药等,
0458,眼泪,眼泪水 ŋɛ²² ɦi³³ sɿ³¹,第七部分,七、身体医疗,人体器官、肢体动作、疾病、看病抓药等,
0459,眉毛,眉毛 mi²² mɔ³¹,第七部分,七、身体医疗,人体器官、肢体动作、疾病、看病抓药等,
0460,耳朵,耳朵 ɲi²⁴ to³¹,第七部分,七、身体医疗,人体器官、肢体动作、疾病、看病抓药等,
0461,鼻子,鼻头 bieʔ² dɤ³¹,第七部分,七、身体医疗,人体器官、肢体动作、疾病、看病抓药等,
0462,鼻涕,鼻头涕 bieʔ² dɤ⁴⁴ tʰi³³,第七部分,七、身体医疗,人体器官、肢体动作、疾病、看病抓药等,
0463,擦~鼻涕,擤 ɦɔŋ³³,第七部分,七、身体医疗,人体器官、肢体动作、疾病、看病抓药等,
0464,嘴巴,嘴 tse⁴⁴ pu³¹,第七部分,七、身体医疗,人体器官、肢体动作、疾病、看病抓药等,
0465,嘴唇,嘴唇皮 tsɿ⁵³ ʑyɐŋ³³ bi³¹,第七部分,七、身体医疗,人体器官、肢体动作、疾病、看病抓药等,
0466,口水,口涎水 kʰɤ³³ ɦie³³ sɿ³¹,第七部分,七、身体医疗,人体器官、肢体动作、疾病、看病抓药等,
0467,舌头,舌胎 zeʔ² tʰɛ̃³³,第七部分,七、身体医疗,人体器官、肢体动作、疾病、看病抓药等,
0468,牙齿,牙齿 ŋa²² tsʰɿ³⁴,第七部分,七、身体医疗,人体器官、肢体动作、疾病、看病抓药等,
0469,下巴,下巴 ɦo²² po³¹,第七部分,七、身体医疗,人体器官、肢体动作、疾病、看病抓药等,
0470,胡子,胡须 ɦu²² ɕy³³,第七部分,七、身体医疗,人体器官、肢体动作、疾病、看病抓药等,
0471,脖子,项颈 ɦaŋ²⁴ tɕiŋ³¹,第七部分,七、身体医疗,人体器官、肢体动作、疾病、看病抓药等,
0472,喉咙,喉咙 ɦɤ²² loŋ³¹,第七部分,七、身体医疗,人体器官、肢体动作、疾病、看病抓药等,
0473,肩膀,肩胛 tɕie³³ kɛʔ⁵,第七部分,七、身体医疗,人体器官、肢体动作、疾病、看病抓药等,
0474,胳膊,手膀 sɤ³³ pʰaŋ³¹,第七部分,七、身体医疗,人体器官、肢体动作、疾病、看病抓药等,
0475,手,手 sɤ³⁴,第七部分,七、身体医疗,人体器官、肢体动作、疾病、看病抓药等,
0476,左手,借手 tsia³³ sɤ³⁴,第七部分,七、身体医疗,人体器官、肢体动作、疾病、看病抓药等,
0477,右手,顺手 zəŋ²² sɤ³⁴,第七部分,七、身体医疗,人体器官、肢体动作、疾病、看病抓药等,
0478,拳头,拳头 dʑyɔ̃²² dɤ³¹,第七部分,七、身体医疗,人体器官、肢体动作、疾病、看病抓药等,
0479,手指,手指头 sɿ³³ tsɿ⁴⁴ dɤ³¹,第七部分,七、身体医疗,人体器官、肢体动作、疾病、看病抓药等,
0480,大拇指,大手指头 dɤ²² sɤ⁴⁴ tsɿ³³ dɤ³¹,第七部分,七、身体医疗,人体器官、肢体动作、疾病、看病抓药等,
0481,食指,二手指头 ɲi²² sɤ⁴⁴ tsɿ³³ dɤ³¹,第七部分,七、身体医疗,人体器官、肢体动作、疾病、看病抓药等,
0482,中指,中手指头 tsoŋ³³ sɤ⁴⁴ tsɿ³³ dɤ³¹,第七部分,七、身体医疗,人体器官、肢体动作、疾病、看病抓药等,
0483,无名指,四手指头 sɿ³³ sɤ⁴⁴ tsɿ³³ dɤ³¹,第七部分,七、身体医疗,人体器官、肢体动作、疾病、看病抓药等,
0484,小拇指,小手指头 ɕiɔ³³ sɤ⁴⁴ tsɿ³³ dɤ³¹,第七部分,七、身体医疗,人体器官、肢体动作、疾病、看病抓药等,
0485,指甲,手指掐 sɿ³³ tsɿ³³ kʰɛʔ⁵,第七部分,七、身体医疗,人体器官、肢体动作、疾病、看病抓药等,
0486,腿,脚 tɕiaʔ⁵,第七部分,七、身体医疗,人体器官、肢体动作、疾病、看病抓药等,
0487,脚,脚髁头 tɕiaʔ⁵ kʰo³³ dɤ³¹,第七部分,七、身体医疗,人体器官、肢体动作、疾病、看病抓药等,
0488,膝盖,背脊 pe³³ tɕieʔ⁵,第七部分,七、身体医疗,人体器官、肢体动作、疾病、看病抓药等,
0489,脊背,肚皮 du²⁴ bi³¹,第七部分,七、身体医疗,人体器官、肢体动作、疾病、看病抓药等,
0490,肚子,肚皮 du²⁴ bi³¹,第七部分,七、身体医疗,人体器官、肢体动作、疾病、看病抓药等,
0491,肚脐,肚皮眼 du²⁴ bi²² ŋɛ³³,第七部分,七、身体医疗,人体器官、肢体动作、疾病、看病抓药等,
0492,乳房,奶奶 na³³ na³³,第七部分,七、身体医疗,人体器官、肢体动作、疾病、看病抓药等,
0493,屁股,屁股 pʰi³³ ku³³⁴,第七部分,七、身体医疗,人体器官、肢体动作、疾病、看病抓药等,
0494,肛门,屁股眼 pʰi³³ ku³³⁴ ŋɛ³³,第七部分,七、身体医疗,人体器官、肢体动作、疾病、看病抓药等,
0495,阴茎,卵 ɲø̃³⁴,第七部分,七、身体医疗,人体器官、肢体动作、疾病、看病抓药等,
0496,女阴,屄 pi³³,第七部分,七、身体医疗,人体器官、肢体动作、疾病、看病抓药等,
0497,禽动词,人 ziɔʔ⁵,第七部分,七、身体医疗,人体器官、肢体动作、疾病、看病抓药等,
0498,精液,屄水 dziɔ²² sɿ³⁴,第七部分,七、身体医疗,人体器官、肢体动作、疾病、看病抓药等,
0499,来月经,大人来 do²² ɲiŋ²² ɦie²² ɦie³¹,第七部分,七、身体医疗,人体器官、肢体动作、疾病、看病抓药等,
0500,拉屎,屙屎 u³³ sɿ³⁴,第七部分,七、身体医疗,人体器官、肢体动作、疾病、看病抓药等,
0501,撒尿,屙尿 u³³ ɕiɔ³³,第七部分,七、身体医疗,人体器官、肢体动作、疾病、看病抓药等,
0502,放屁,放屁 fɔ̃³³ pʰi³³,第七部分,七、身体医疗,人体器官、肢体动作、疾病、看病抓药等,
0503,生病,小娘生 ɕiɔ³³ ɲiaŋ³³ saŋ³¹,第七部分,七、身体医疗,人体器官、肢体动作、疾病、看病抓药等,
0504,病了,生毛病 saŋ³³ mɔ²² biŋ²²,第七部分,七、身体医疗,人体器官、肢体动作、疾病、看病抓药等,
0505,着凉,冻出来 toŋ³³ tsʰɛʔ⁵ ɦie³³,第七部分,七、身体医疗,人体器官、肢体动作、疾病、看病抓药等,
0506,咳嗽,咳 tɕʰaʔ⁵,第七部分,七、身体医疗,人体器官、肢体动作、疾病、看病抓药等,
0507,发烧,发热 fɛʔ⁵ ɲieʔ⁵,第七部分,七、身体医疗,人体器官、肢体动作、疾病、看病抓药等,
0508,发抖,抖抖病 tɤ⁴⁴ tʰɤ⁴⁴ biŋ²²,第七部分,七、身体医疗,人体器官、肢体动作、疾病、看病抓药等,
0509,肚子疼,肚皮痛 du²⁴ bi²² tʰoŋ³³,第七部分,七、身体医疗,人体器官、肢体动作、疾病、看病抓药等,
0510,拉肚子,泻 ɕia³³,第七部分,七、身体医疗,人体器官、肢体动作、疾病、看病抓药等,
0511,患疟疾,伤寒 ɕiaŋ³³ ɦɛ̃²³¹,第七部分,七、身体医疗,人体器官、肢体动作、疾病、看病抓药等,
0512,中暑,发痧 fɛʔ² so³³,第七部分,七、身体医疗,人体器官、肢体动作、疾病、看病抓药等,
0513,肿,肿 tsoŋ³³,第七部分,七、身体医疗,人体器官、肢体动作、疾病、看病抓药等,
0514,化脓,出毒 tsʰɛʔ⁵ doʔ²,第七部分,七、身体医疗,人体器官、肢体动作、疾病、看病抓药等,
0515,疤,疤疔 po³³ tɕieʔ⁵,第七部分,七、身体医疗,人体器官、肢体动作、疾病、看病抓药等,
0516,癣,癣 ɕie²⁴,第七部分,七、身体医疗,人体器官、肢体动作、疾病、看病抓药等,
0517,痣,痣 tsɿ³³,第七部分,七、身体医疗,人体器官、肢体动作、疾病、看病抓药等,
0518,疮,疔 piŋ³³,第七部分,七、身体医疗,人体器官、肢体动作、疾病、看病抓药等,
0519,狐臭,腥臭 ɕiŋ³³ tsʰɤ³¹,第七部分,七、身体医疗,人体器官、肢体动作、疾病、看病抓药等,
0520,看病,看毛病 kʰɛ̃³³ mɔ²² biŋ²²,第七部分,七、身体医疗,人体器官、肢体动作、疾病、看病抓药等,
0521,诊脉,搭脉 tɛʔ⁵ mɐʔ²,第七部分,七、身体医疗,人体器官、肢体动作、疾病、看病抓药等,
0522,针灸,针灸 tsɛ̃³³ tɕiɤ³⁴,第七部分,七、身体医疗,人体器官、肢体动作、疾病、看病抓药等,
0523,打针,打针 taŋ³³ tsɛ̃⁵³,第七部分,七、身体医疗,人体器官、肢体动作、疾病、看病抓药等,
0524,打吊针,挂盐水 kuo³³ ɦie²² sɿ⁵³,第七部分,七、身体医疗,人体器官、肢体动作、疾病、看病抓药等,
0525,吃药,吃药 tɕʰieʔ⁵ ɦiaʔ²,第七部分,七、身体医疗,人体器官、肢体动作、疾病、看病抓药等,
0526,汤药,中药 tsoŋ³³ ɦiaʔ⁵,第七部分,七、身体医疗,人体器官、肢体动作、疾病、看病抓药等,
0527,病轻了,毛病快哉 mɔ²² biŋ²² kʰua³³ tsɛ¹¹,第七部分,七、身体医疗,人体器官、肢体动作、疾病、看病抓药等,
0528,说媒,做媒 tso³³ mɛ³¹,第八部分,八、婚丧信仰,结婚生子、丧葬祭祀、神仙传说等,
0529,媒人,媒婆 mɛ²² bu³¹,第八部分,八、婚丧信仰,结婚生子、丧葬祭祀、神仙传说等,
0530,相亲,看人家 kʰɛ̃³³ ɲiŋ²² ko³³,第八部分,八、婚丧信仰,结婚生子、丧葬祭祀、神仙传说等,
0531,订婚,定亲 diŋ²⁴ tɕʰiŋ³³,第八部分,八、婚丧信仰,结婚生子、丧葬祭祀、神仙传说等,
0532,嫁妆,嫁资 ko³³ tsɿ³³⁴,第八部分,八、婚丧信仰,结婚生子、丧葬祭祀、神仙传说等,
0533,结婚,办喜事 bɛ̃²² ɕi³³ zɿ²¹,第八部分,八、婚丧信仰,结婚生子、丧葬祭祀、神仙传说等,
0534,娶妻,讨老婆 tʰɔ³³ lɔ²² bu³¹,第八部分,八、婚丧信仰,结婚生子、丧葬祭祀、神仙传说等,
0535,出嫁,出嫁 tsʰɛʔ⁵ ko³³,第八部分,八、婚丧信仰,结婚生子、丧葬祭祀、神仙传说等,
0536,拜堂,做亲 tso³³ tɕʰiŋ⁵³,第八部分,八、婚丧信仰,结婚生子、丧葬祭祀、神仙传说等,
0537,新郎,新郎官 ɕiŋ³³ lɔŋ²² kuɔ̃³³,第八部分,八、婚丧信仰,结婚生子、丧葬祭祀、神仙传说等,
0538,新娘,新娘子 ɕiŋ³³ ɲiaŋ²² tsɿ³⁴,第八部分,八、婚丧信仰,结婚生子、丧葬祭祀、神仙传说等,
0539,孕妇,大肚婆 do²² du³³ bo²³,第八部分,八、婚丧信仰,结婚生子、丧葬祭祀、神仙传说等,
0540,怀孕,肚皮有 du²⁴ bi²² ɦiɤ²⁴,第八部分,八、婚丧信仰,结婚生子、丧葬祭祀、神仙传说等,
0541,流产,小产 ɕiɔ³³ tsʰɛ̃³¹,第八部分,八、婚丧信仰,结婚生子、丧葬祭祀、神仙传说等,
0542,分娩,做产 tso³³ tsʰɛ̃³⁴,第八部分,八、婚丧信仰,结婚生子、丧葬祭祀、神仙传说等,
0543,双胞胎,双胞胎 sɔ̃³³ pʰɔ³³ tʰɛ³¹,第八部分,八、婚丧信仰,结婚生子、丧葬祭祀、神仙传说等,
0544,坐月子,做产妇 tso³³ tsʰɛ̃⁴⁴ fu³¹,第八部分,八、婚丧信仰,结婚生子、丧葬祭祀、神仙传说等,
0545,吃奶,吃奶 tɕʰieʔ⁵ na²³,第八部分,八、婚丧信仰,结婚生子、丧葬祭祀、神仙传说等,
0546,断奶,断奶 dø̃²² na²³,第八部分,八、婚丧信仰,结婚生子、丧葬祭祀、神仙传说等,
0547,满月,满月 mø̃²⁴ ɲyɔʔ²,第八部分,八、婚丧信仰,结婚生子、丧葬祭祀、神仙传说等,
0548,生日,生日 saŋ³³ ɲieʔ⁵,第八部分,八、婚丧信仰,结婚生子、丧葬祭祀、神仙传说等,
0549,做寿,做寿 tso³³ zɤ²²,第八部分,八、婚丧信仰,结婚生子、丧葬祭祀、神仙传说等,
0550,死,死 ɕi³³⁴,第八部分,八、婚丧信仰,结婚生子、丧葬祭祀、神仙传说等,
0551,死,死 ɕi³³⁴,第八部分,八、婚丧信仰,结婚生子、丧葬祭祀、神仙传说等,
0552,死,走 tsɤ⁴⁴,第八部分,八、婚丧信仰,结婚生子、丧葬祭祀、神仙传说等,
0553,自杀,寻死 ziŋ²² ɕi³³⁴,第八部分,八、婚丧信仰,结婚生子、丧葬祭祀、神仙传说等,
0554,咽气,断气 dø̃²² tɕʰi³³,第八部分,八、婚丧信仰,结婚生子、丧葬祭祀、神仙传说等,
0555,入殓,入殓 zɛʔ² ɦie³²,第八部分,八、婚丧信仰,结婚生子、丧葬祭祀、神仙传说等,
0556,棺材,棺材 kuɔ̃³³ zɛ³¹,第八部分,八、婚丧信仰,结婚生子、丧葬祭祀、神仙传说等,
0557,出殡,出丧 tsʰɛʔ⁵ sɔŋ³³,第八部分,八、婚丧信仰,结婚生子、丧葬祭祀、神仙传说等,
0558,灵位,木主 moʔ² tɕy³⁴,第八部分,八、婚丧信仰,结婚生子、丧葬祭祀、神仙传说等,
0559,坟墓,坟头 ʋɛ²² dɤ³¹,第八部分,八、婚丧信仰,结婚生子、丧葬祭祀、神仙传说等,
0560,上坟,上坟 zaŋ²² ʋɛ³¹,第八部分,八、婚丧信仰,结婚生子、丧葬祭祀、神仙传说等,
0561,纸钱,佛陀 vəʔ² du³¹,第八部分,八、婚丧信仰,结婚生子、丧葬祭祀、神仙传说等,
0562,老天爷,老天 ɦɔ²⁴ tʰiɛ̃³¹,第八部分,八、婚丧信仰,结婚生子、丧葬祭祀、神仙传说等,
0563,菩萨,菩萨 bu²² sɛʔ⁵,第八部分,八、婚丧信仰,结婚生子、丧葬祭祀、神仙传说等,
0564,观音,观音菩萨 kuɔ̃³³ iŋ³³ bu²² sɛʔ⁵,第八部分,八、婚丧信仰,结婚生子、丧葬祭祀、神仙传说等,
0565,灶神,灶司菩萨 tsɔ³³ sɿ³³ bu²² sɛʔ⁵,第八部分,八、婚丧信仰,结婚生子、丧葬祭祀、神仙传说等,
0566,寺庙,庙堂 miɔ²² dɔ̃³¹,第八部分,八、婚丧信仰,结婚生子、丧葬祭祀、神仙传说等,
0567,祠堂,祠堂 zɿ²² dɔ̃²³¹,第八部分,八、婚丧信仰,结婚生子、丧葬祭祀、神仙传说等,
0568,和尚,和尚 ɦo²² zaŋ²²,第八部分,八、婚丧信仰,结婚生子、丧葬祭祀、神仙传说等,
0569,尼姑,尼姑 ɲi²² ku⁵³,第八部分,八、婚丧信仰,结婚生子、丧葬祭祀、神仙传说等,
0570,道士,道士 dɔ²² zɿ⁵³,第八部分,八、婚丧信仰,结婚生子、丧葬祭祀、神仙传说等,
0571,算命,算命 sɔ̃³³ miŋ²²,第八部分,八、婚丧信仰,结婚生子、丧葬祭祀、神仙传说等,
0572,运气,运道 ɦyɔ̃²² dɔ³³,第八部分,八、婚丧信仰,结婚生子、丧葬祭祀、神仙传说等,
0573,保佑,保佑 pɔ³³ ɦiɤ²³,第八部分,八、婚丧信仰,结婚生子、丧葬祭祀、神仙传说等,
0574,人,人 ɲiŋ²³¹,第九部分,九、人品称谓,各类人的称呼、亲属称谓、职业身份等,
0575,男人,男人 nɛ²² ɲiŋ³¹,第九部分,九、人品称谓,各类人的称呼、亲属称谓、职业身份等,
0576,女人,太 ɦa³³ ɲiŋ³¹,第九部分,九、人品称谓,各类人的称呼、亲属称谓、职业身份等,
0577,单身汉,光棍 kuɔŋ³³ kuəŋ³¹,第九部分,九、人品称谓,各类人的称呼、亲属称谓、职业身份等,
0578,老姑娘,老大姑娘 lɔ²⁴ du²² ku³³ ɲiaŋ³¹,第九部分,九、人品称谓,各类人的称呼、亲属称谓、职业身份等,
0579,婴儿,小毛头 ɕiɔ³³ mɔ³³ dɤ²²,第九部分,九、人品称谓,各类人的称呼、亲属称谓、职业身份等,
0580,小孩,小官人 ɕiɔ³³ kuɔ̃³³ ɲiŋ³²,第九部分,九、人品称谓,各类人的称呼、亲属称谓、职业身份等,
0581,男孩,小大姑娘 ɕiɔ³³ du⁴⁴ ku³³ ɲiaŋ³¹,第九部分,九、人品称谓,各类人的称呼、亲属称谓、职业身份等,
0582,女孩,老人 ɦɔ²⁴ ɲiŋ³¹,第九部分,九、人品称谓,各类人的称呼、亲属称谓、职业身份等,
0583,老人,亲眷 tsʰiŋ³³ tɕyɔ̃³³,第九部分,九、人品称谓,各类人的称呼、亲属称谓、职业身份等,
0584,亲戚,朋友 bəŋ²² ɦiɤ³³,第九部分,九、人品称谓,各类人的称呼、亲属称谓、职业身份等,
0585,朋友,邻舍隔壁 liŋ²² so⁴⁴ kɛʔ⁵ pieʔ⁵,第九部分,九、人品称谓,各类人的称呼、亲属称谓、职业身份等,
0586,邻居,人客 ɲiŋ²² kʰaʔ⁵,第九部分,九、人品称谓,各类人的称呼、亲属称谓、职业身份等,
0587,客人,乡下人 ɕiaŋ³³ ɦo⁴⁴ ɲiŋ³¹,第九部分,九、人品称谓,各类人的称呼、亲属称谓、职业身份等,
0588,农民,生意人 səŋ³³ i³³ ɲiŋ³¹,第九部分,九、人品称谓,各类人的称呼、亲属称谓、职业身份等,
0589,商人,做手师父 tso³³ sɤ⁴⁴ sɿ³³ vu³¹,第九部分,九、人品称谓,各类人的称呼、亲属称谓、职业身份等,
0590,手艺人,泥水作 ɲi²² sɿ⁴⁴ tsoʔ⁵,第九部分,九、人品称谓,各类人的称呼、亲属称谓、职业身份等,
0591,泥水匠,木作 moʔ² tsoʔ⁵,第九部分,九、人品称谓,各类人的称呼、亲属称谓、职业身份等,
0592,木匠,裁缝 zɛ²² voŋ²¹,第九部分,九、人品称谓,各类人的称呼、亲属称谓、职业身份等,
0593,裁缝,剃头师父 tʰi³³ dɤ²² sɿ³³ vu³¹,第九部分,九、人品称谓,各类人的称呼、亲属称谓、职业身份等,
0594,理发师,厨师 dʑy²² sɿ⁵³,第九部分,九、人品称谓,各类人的称呼、亲属称谓、职业身份等,
0595,厨师,师父 sɿ³³ vu³³,第九部分,九、人品称谓,各类人的称呼、亲属称谓、职业身份等,
0596,师傅,徒弟 du²² di²²³,第九部分,九、人品称谓,各类人的称呼、亲属称谓、职业身份等,
0597,徒弟,讨饭佬 tʰɔ³³ ʋɛ³³ lɔ³¹,第九部分,九、人品称谓,各类人的称呼、亲属称谓、职业身份等,
0598,乞丐,婊子 piɔ³³ tsɿ⁵³,第九部分,九、人品称谓,各类人的称呼、亲属称谓、职业身份等,
0599,妓女,流氓 ɦiɤ²² mɔŋ³³,第九部分,九、人品称谓,各类人的称呼、亲属称谓、职业身份等,
0600,流氓,贼骨头 zɔʔ² kuɔʔ⁵ dɤ³¹,第九部分,九、人品称谓,各类人的称呼、亲属称谓、职业身份等,
0601,贼,瞎子 hɔʔ⁵ tsɿ⁵³,第九部分,九、人品称谓,各类人的称呼、亲属称谓、职业身份等,
0602,瞎子,聋聾 loŋ²³ baŋ³¹,第九部分,九、人品称谓,各类人的称呼、亲属称谓、职业身份等,
0603,聋子,哑子 ɦo⁴⁴ tsɿ⁵³,第九部分,九、人品称谓,各类人的称呼、亲属称谓、职业身份等,
0604,哑巴,驼背 do²² pɛ³³,第九部分,九、人品称谓,各类人的称呼、亲属称谓、职业身份等,
0605,驼子,跷脚 tɕʰiɔ³³ tɕiaʔ⁵,第九部分,九、人品称谓,各类人的称呼、亲属称谓、职业身份等,
0606,瘸子,呆子 ŋɛ²² tsɿ⁵³,第九部分,九、人品称谓,各类人的称呼、亲属称谓、职业身份等,
0607,傻子,呆子 ŋɛ²² tsɿ⁵³,第九部分,九、人品称谓,各类人的称呼、亲属称谓、职业身份等,
0608,傻子,笨人 bəŋ²² ɲiŋ³¹,第九部分,九、人品称谓,各类人的称呼、亲属称谓、职业身份等,
0609,笨蛋,爷爷 ɦia²⁴ ɦia³¹,第九部分,九、人品称谓,各类人的称呼、亲属称谓、职业身份等,
0610,爷爷,娘娘 ɲiaŋ²² ɲiaŋ³¹,第九部分,九、人品称谓,各类人的称呼、亲属称谓、职业身份等,
0611,奶奶,外公 ŋa²² koŋ³³,第九部分,九、人品称谓,各类人的称呼、亲属称谓、职业身份等,
0612,外公,外婆 ŋa²² bo²³,第九部分,九、人品称谓,各类人的称呼、亲属称谓、职业身份等,
0613,外婆,爹 tia⁵³,第九部分,九、人品称谓,各类人的称呼、亲属称谓、职业身份等,
0614,父亲,老娘 ɦɔ²⁴ ɲiaŋ³¹,第九部分,九、人品称谓,各类人的称呼、亲属称谓、职业身份等,
0615,母亲,爹 ɦia²⁴ ɦia³¹,第九部分,九、人品称谓,各类人的称呼、亲属称谓、职业身份等,
0616,爸爸,妈妈 m⁴⁴ ma³¹,第九部分,九、人品称谓,各类人的称呼、亲属称谓、职业身份等,
0617,妈妈,爹 ɦia²⁴ ɦia³¹,第九部分,九、人品称谓,各类人的称呼、亲属称谓、职业身份等,
0618,继父,晚爹 mɛ²⁴ tia³¹,第九部分,九、人品称谓,各类人的称呼、亲属称谓、职业身份等,
0619,继母,晚娘 mɛ²⁴ ɲiaŋ³¹,第九部分,九、人品称谓,各类人的称呼、亲属称谓、职业身份等,
0620,岳父,丈人 dzaŋ²⁴ ɲiŋ³¹,第九部分,九、人品称谓,各类人的称呼、亲属称谓、职业身份等,
0621,岳母,丈母 dzaŋ²⁴ ɲi³³,第九部分,九、人品称谓,各类人的称呼、亲属称谓、职业身份等,
0622,公公,阿公 ɛʔ⁵ koŋ³³,第九部分,九、人品称谓,各类人的称呼、亲属称谓、职业身份等,
0623,婆婆,阿婆 ɛʔ⁵ bo³¹,第九部分,九、人品称谓,各类人的称呼、亲属称谓、职业身份等,
0624,伯父,爹 tia³³,第九部分,九、人品称谓,各类人的称呼、亲属称谓、职业身份等,
0625,伯母,娘 ɲiaŋ³³,第九部分,九、人品称谓,各类人的称呼、亲属称谓、职业身份等,
0626,叔父,爹 tia³³,第九部分,九、人品称谓,各类人的称呼、亲属称谓、职业身份等,
0627,婶婶,小爹 ɕiɔ³³ tia⁴⁴,第九部分,九、人品称谓,各类人的称呼、亲属称谓、职业身份等,
0628,姑母,嬷嬷 ɲiaŋ⁴⁴ ɲiaŋ³³,第九部分,九、人品称谓,各类人的称呼、亲属称谓、职业身份等,
0629,姑父,姑爹 ku³³ tia³³,第九部分,九、人品称谓,各类人的称呼、亲属称谓、职业身份等,
0630,舅舅,舅爹 dʑiɤ²⁴ tia³³,第九部分,九、人品称谓,各类人的称呼、亲属称谓、职业身份等,
0631,舅母,舅娘 dʑiɤ²⁴ ɲiaŋ³³,第九部分,九、人品称谓,各类人的称呼、亲属称谓、职业身份等,
0632,姨母,娘娘 ɲiaŋ⁴⁴ ɲiaŋ³³,第九部分,九、人品称谓,各类人的称呼、亲属称谓、职业身份等,
0633,姨父,姨爹 ɦi²² tia³³,第九部分,九、人品称谓,各类人的称呼、亲属称谓、职业身份等,
0634,弟兄,兄弟 ɕioŋ³³ di²²³,第九部分,九、人品称谓,各类人的称呼、亲属称谓、职业身份等,
0635,姐妹,姊妹 tsɿ⁴⁴ mɛ³¹,第九部分,九、人品称谓,各类人的称呼、亲属称谓、职业身份等,
0636,哥哥,哥哥 ko³³ ko³³,第九部分,九、人品称谓,各类人的称呼、亲属称谓、职业身份等,
0637,嫂嫂,嫂嫂 sɔ³³ sɔ³⁴,第九部分,九、人品称谓,各类人的称呼、亲属称谓、职业身份等,
0638,弟弟,阿弟 ɛʔ⁵ di³⁴,第九部分,九、人品称谓,各类人的称呼、亲属称谓、职业身份等,
0639,弟媳,弟新妇 di²² ɕiŋ³³ vu³¹,第九部分,九、人品称谓,各类人的称呼、亲属称谓、职业身份等,
0640,姐姐,姐姐 tɕia⁴⁴ tɕia³⁴,第九部分,九、人品称谓,各类人的称呼、亲属称谓、职业身份等,
0641,姐夫,姐夫 tɕia⁴⁴ fu³³,第九部分,九、人品称谓,各类人的称呼、亲属称谓、职业身份等,
0642,妹妹,妹妹 mɛ³³ mɛ³³,第九部分,九、人品称谓,各类人的称呼、亲属称谓、职业身份等,
0643,妹夫,妹夫 me³³ fu³³,第九部分,九、人品称谓,各类人的称呼、亲属称谓、职业身份等,
0644,堂兄弟,堂兄弟 dɔŋ²² ɕioŋ³³ di²³¹,第九部分,九、人品称谓,各类人的称呼、亲属称谓、职业身份等,
0645,表兄弟,表兄弟 piɔ³³ ɕioŋ³³ di²³¹,第九部分,九、人品称谓,各类人的称呼、亲属称谓、职业身份等,
0646,叔伯母,叔辈母 soʔ⁵ pɛ³³ vu³¹,第九部分,九、人品称谓,各类人的称呼、亲属称谓、职业身份等,
0647,连襟,连襟 ɦie²² tɕiŋ³³,第九部分,九、人品称谓,各类人的称呼、亲属称谓、职业身份等,
0648,儿媳妇,新妇 ɕiŋ³³ vu³¹,第九部分,九、人品称谓,各类人的称呼、亲属称谓、职业身份等,
0649,女儿,因 ŋø̃²³¹,第九部分,九、人品称谓,各类人的称呼、亲属称谓、职业身份等,
0650,女婿,女婿 ɲy²² ɕi³¹,第九部分,九、人品称谓,各类人的称呼、亲属称谓、职业身份等,
0651,孙子,孙子 sɔ̃³³ tsɿ⁵³,第九部分,九、人品称谓,各类人的称呼、亲属称谓、职业身份等,
0652,孙女儿,孙囡 sɔ̃³³ ŋø̃²³¹,第九部分,九、人品称谓,各类人的称呼、亲属称谓、职业身份等,
0653,重孙子,玄孙 ɦyɔ̃²² sɔ̃⁵³,第九部分,九、人品称谓,各类人的称呼、亲属称谓、职业身份等,
0654,侄儿,侄儿 dzɛʔ² ɲi³¹,第九部分,九、人品称谓,各类人的称呼、亲属称谓、职业身份等,
0655,侄女,侄囡 dzɛʔ² ŋø̃³¹,第九部分,九、人品称谓,各类人的称呼、亲属称谓、职业身份等,
0656,外甥,外甥 ŋa²² səŋ³³,第九部分,九、人品称谓,各类人的称呼、亲属称谓、职业身份等,
0657,外甥女,外甥囡 ŋa²² səŋ⁴⁴ ŋø̃²³¹,第九部分,九、人品称谓,各类人的称呼、亲属称谓、职业身份等,
0658,夫妻,两老 ɦiaŋ²² lɔ²³,第九部分,九、人品称谓,各类人的称呼、亲属称谓、职业身份等,
0659,丈夫,老公 ɦɔ²⁴ koŋ³¹,第九部分,九、人品称谓,各类人的称呼、亲属称谓、职业身份等,
0660,妻子,老婆 ɦɔ²⁴ bo³¹,第九部分,九、人品称谓,各类人的称呼、亲属称谓、职业身份等,
0661,丈夫,老公 ɦɔ²⁴ koŋ³¹,第九部分,九、人品称谓,各类人的称呼、亲属称谓、职业身份等,
0662,名字,名字 miŋ²² zɿ⁵³,第十部分,十、农工商文,农业生产、商业买卖、文教娱乐等,
0663,绰号,绰号 tsʰaʔ⁵ ɦɔ²¹,第十部分,十、农工商文,农业生产、商业买卖、文教娱乐等,
0664,干活儿,做生活 tso³³ səŋ³³ ɦuɔʔ²,第十部分,十、农工商文,农业生产、商业买卖、文教娱乐等,
0665,事情,事体 zɿ²² tʰi³³⁴,第十部分,十、农工商文,农业生产、商业买卖、文教娱乐等,
0666,插秧,种田 tsoŋ³³ die²³¹,第十部分,十、农工商文,农业生产、商业买卖、文教娱乐等,
0667,割稻,割稻 kɛʔ⁵ dɔ²³,第十部分,十、农工商文,农业生产、商业买卖、文教娱乐等,
0668,种菜,种菜 tsoŋ³³ tsʰɛ⁵³,第十部分,十、农工商文,农业生产、商业买卖、文教娱乐等,
0669,犁,犁 ɦi⁵³,第十部分,十、农工商文,农业生产、商业买卖、文教娱乐等,
0670,锄头,锄头 zɿ²² dɤ³¹,第十部分,十、农工商文,农业生产、商业买卖、文教娱乐等,
0671,镰刀,镢子刀 tɕioʔ⁵ tsɿ⁵³ tɔ³¹,第十部分,十、农工商文,农业生产、商业买卖、文教娱乐等,
0672,把儿,柄 piŋ³⁴,第十部分,十、农工商文,农业生产、商业买卖、文教娱乐等,
0673,扁担,扁担 pie⁴⁴ tɛ̃³¹,第十部分,十、农工商文,农业生产、商业买卖、文教娱乐等,
0674,箩筐,箩 ɦo²³¹,第十部分,十、农工商文,农业生产、商业买卖、文教娱乐等,
0675,筛子,筛笾 sɿ³³ pia³³,第十部分,十、农工商文,农业生产、商业买卖、文教娱乐等,
0676,簸箕,土箕 tʰu³³ tɕi³¹,第十部分,十、农工商文,农业生产、商业买卖、文教娱乐等,
0677,簸箕,奋斗 pɛ³³ tɤ³¹,第十部分,十、农工商文,农业生产、商业买卖、文教娱乐等,
0678,独轮车,独轮车 dɔʔ² ləŋ³³ tsʰo³³,第十部分,十、农工商文,农业生产、商业买卖、文教娱乐等,
0679,轮子,轮盘 ɦɔ²² bo³¹,第十部分,十、农工商文,农业生产、商业买卖、文教娱乐等,
0680,碓,碓 te³³,第十部分,十、农工商文,农业生产、商业买卖、文教娱乐等,
0681,磨,磨 mo²²,第十部分,十、农工商文,农业生产、商业买卖、文教娱乐等,
0682,年成,年成 ɲie²² dəŋ³¹,第十部分,十、农工商文,农业生产、商业买卖、文教娱乐等,
0683,走江湖,走江湖 tsɤ²² kɔ̃³³ u²¹,第十部分,十、农工商文,农业生产、商业买卖、文教娱乐等,
0684,打工,长工 dzaŋ³³ koŋ³³,第十部分,十、农工商文,农业生产、商业买卖、文教娱乐等,
0685,打工,帮工 pɔ̃³³ koŋ³³,第十部分,十、农工商文,农业生产、商业买卖、文教娱乐等,
0686,斧子,斧头 fu⁴⁴ dɤ³¹,第十部分,十、农工商文,农业生产、商业买卖、文教娱乐等,
0687,钳子,老虎钳 ɦɔ²² fu³³ dʑie³³,第十部分,十、农工商文,农业生产、商业买卖、文教娱乐等,
0688,螺丝刀,起钉锥 tɕʰi⁴⁴ tiŋ³³ tsɿ³¹,第十部分,十、农工商文,农业生产、商业买卖、文教娱乐等,
0689,锤子,槌头 dʑy²² dɤ³⁴,第十部分,十、农工商文,农业生产、商业买卖、文教娱乐等,
0690,钉子,钉头钉 tiŋ³³ tsɿ³³ tiŋ³³,第十部分,十、农工商文,农业生产、商业买卖、文教娱乐等,
0691,绳子,绳 zəŋ²³¹,第十部分,十、农工商文,农业生产、商业买卖、文教娱乐等,
0692,棍子,棍子 kuəŋ³³ tsɿ⁵³,第十部分,十、农工商文,农业生产、商业买卖、文教娱乐等,
0693,做生意,做生意 tso³³ səŋ³³ i³³,第十部分,十、农工商文,农业生产、商业买卖、文教娱乐等,
0694,商店,商店 sɔ̃³³ tie⁵³,第十部分,十、农工商文,农业生产、商业买卖、文教娱乐等,
0695,饭馆,饭店 ʋɛ̃²² tie⁵³,第十部分,十、农工商文,农业生产、商业买卖、文教娱乐等,
0696,旅馆,宿夜店 soʔ⁵ ɦia³³ tie³³,第十部分,十、农工商文,农业生产、商业买卖、文教娱乐等,
0697,贵,贵 tɕy³³,第十部分,十、农工商文,农业生产、商业买卖、文教娱乐等,
0698,便宜,便宜 bie²² ɲi³¹,第十部分,十、农工商文,农业生产、商业买卖、文教娱乐等,
0699,合算,合算 kɛʔ² sɔ̃³³,第十部分,十、农工商文,农业生产、商业买卖、文教娱乐等,
0700,折扣,折扣 tsɛʔ⁵ kʰɤ³³,第十部分,十、农工商文,农业生产、商业买卖、文教娱乐等,
0701,亏本,折本 zɛʔ² pəŋ³⁴,第十部分,十、农工商文,农业生产、商业买卖、文教娱乐等,
0702,钱,钞票 tsʰɔ³³ pʰiɔ³³,第十部分,十、农工商文,农业生产、商业买卖、文教娱乐等,
0703,零钱,碎钿 ɕi³³ die³¹,第十部分,十、农工商文,农业生产、商业买卖、文教娱乐等,
0704,硬币,角子 koʔ⁵ tsɿ³⁴,第十部分,十、农工商文,农业生产、商业买卖、文教娱乐等,
0705,本钱,本钿 pəŋ³³ die³¹,第十部分,十、农工商文,农业生产、商业买卖、文教娱乐等,
0706,工钱,工钿 koŋ³³ die³¹,第十部分,十、农工商文,农业生产、商业买卖、文教娱乐等,
0707,路费,路费 lu²² fi³³,第十部分,十、农工商文,农业生产、商业买卖、文教娱乐等,
0708,花~钱,用 ɦioŋ²²,第十部分,十、农工商文,农业生产、商业买卖、文教娱乐等,
0709,赚,赚 tsɛ̃²³,第十部分,十、农工商文,农业生产、商业买卖、文教娱乐等,
0710,挣,挣 tsʰəŋ³³,第十部分,十、农工商文,农业生产、商业买卖、文教娱乐等,
0711,欠,欠 tɕʰie³³,第十部分,十、农工商文,农业生产、商业买卖、文教娱乐等,
0712,算盘,算盘 sɔ̃³³ bø̃²³¹,第十部分,十、农工商文,农业生产、商业买卖、文教娱乐等,
0713,秤,秤 tsʰəŋ³³,第十部分,十、农工商文,农业生产、商业买卖、文教娱乐等,
0714,约,约 iaʔ⁵,第十部分,十、农工商文,农业生产、商业买卖、文教娱乐等,
0716,集市,市场 zɿ²² dzaŋ³¹,第十部分,十、农工商文,农业生产、商业买卖、文教娱乐等,
0717,庙会,庙会 miɔ²² uɛ²²,第十部分,十、农工商文,农业生产、商业买卖、文教娱乐等,
0718,学校,学堂 ɦɔʔ² dɔ̃³¹,第十部分,十、农工商文,农业生产、商业买卖、文教娱乐等,
0719,教室,教室 tɕiɔ³³ sɛʔ⁵,第十部分,十、农工商文,农业生产、商业买卖、文教娱乐等,
0720,上学,读书 doʔ² ɕy⁵³,第十部分,十、农工商文,农业生产、商业买卖、文教娱乐等,
0721,放学,放学 fɔŋ³³ ɦɔʔ²,第十部分,十、农工商文,农业生产、商业买卖、文教娱乐等,
0722,考试,考试 kʰɔ³³ sɿ³¹,第十部分,十、农工商文,农业生产、商业买卖、文教娱乐等,
0723,书包,书包 ɕy³³ pɔ⁵³,第十部分,十、农工商文,农业生产、商业买卖、文教娱乐等,
0724,本子,簿子 bu²⁴ tsɿ⁵³,第十部分,十、农工商文,农业生产、商业买卖、文教娱乐等,
0725,铅笔,铅笔 kʰɛ̃³³ pieʔ⁵,第十部分,十、农工商文,农业生产、商业买卖、文教娱乐等,
0726,钢笔,钢笔 kɔ̃³³ pieʔ⁵,第十部分,十、农工商文,农业生产、商业买卖、文教娱乐等,
0727,圆珠笔,圆珠笔 ɦyø̃²² tsɿ³³ pieʔ⁵,第十部分,十、农工商文,农业生产、商业买卖、文教娱乐等,
0728,毛笔,毛笔 mɔ²² pieʔ⁵,第十部分,十、农工商文,农业生产、商业买卖、文教娱乐等,
0729,墨,墨 moʔ²,第十部分,十、农工商文,农业生产、商业买卖、文教娱乐等,
0730,砚台,砚台 ɲie²² dɛ³¹,第十部分,十、农工商文,农业生产、商业买卖、文教娱乐等,
0731,信,信 ɕiŋ³³,第十部分,十、农工商文,农业生产、商业买卖、文教娱乐等,
0732,连环画,花头书 huo³³ dɤ⁴⁴ ɕy³¹,第十部分,十、农工商文,农业生产、商业买卖、文教娱乐等,
0733,捉迷藏,寻躲寻伴 tso³³ ɕy³³ bø̃⁴⁴ bø̃³¹,第十部分,十、农工商文,农业生产、商业买卖、文教娱乐等,
0734,跳绳,跳绳 dʑiɔ²² zəŋ³¹,第十部分,十、农工商文,农业生产、商业买卖、文教娱乐等,
0735,毽子,毽子 tɕie³³ tsɿ⁵³,第十部分,十、农工商文,农业生产、商业买卖、文教娱乐等,
0736,风筝,鹞子 ɦiɔ²⁴ tsɿ³³,第十部分,十、农工商文,农业生产、商业买卖、文教娱乐等,
0737,舞狮,舞狮 u³³ sɿ³³,第十部分,十、农工商文,农业生产、商业买卖、文教娱乐等,
0738,鞭炮,炮仗 pʰɔ³³ dzaŋ³³,第十部分,十、农工商文,农业生产、商业买卖、文教娱乐等,
0739,唱歌,唱歌 tsʰɔ̃³³ ko³³,第十部分,十、农工商文,农业生产、商业买卖、文教娱乐等,
0740,演戏,做戏文 tso³³ ɕi³³ ʋɛ²²,第十部分,十、农工商文,农业生产、商业买卖、文教娱乐等,
0741,锣鼓,锣鼓 ɦo²² ku³⁴,第十部分,十、农工商文,农业生产、商业买卖、文教娱乐等,
0742,二胡,二胡 ɲi²² ɦu²³,第十部分,十、农工商文,农业生产、商业买卖、文教娱乐等,
0743,笛子,箫 ɕiɔ⁵³,第十部分,十、农工商文,农业生产、商业买卖、文教娱乐等,
0744,划拳,发拳 fɛʔ⁵ dʑyø̃³¹,第十部分,十、农工商文,农业生产、商业买卖、文教娱乐等,
0745,下棋,走棋 tsɤ³³ dʑi³¹,第十部分,十、农工商文,农业生产、商业买卖、文教娱乐等,
0746,打扑克,打老K 牌 taŋ³³ ɦɔ²⁴ kʰe³³ ba³¹,第十部分,十、农工商文,农业生产、商业买卖、文教娱乐等,
0747,打麻将,搓麻将 tsʰo³³ mo³³ tɕiaŋ³³,第十一部分,十一、动作行为,日常动作、心理活动、言谈举止、感官等,
0748,变魔术,变魔术 pie³³ mo³³ zɛʔ²,第十一部分,十一、动作行为,日常动作、心理活动、言谈举止、感官等,
0749,讲故事,讲故事 kɔ̃³³ tɕiŋ³³ zɿ²²,第十一部分,十一、动作行为,日常动作、心理活动、言谈举止、感官等,
0750,猜谜语,猜谜语 tsʰɛ³³ mi²² ɲy²²,第十一部分,十一、动作行为,日常动作、心理活动、言谈举止、感官等,
0751,玩儿,做嬉客 tso³³ ɕi³³ kʰaʔ⁵,第十一部分,十一、动作行为,日常动作、心理活动、言谈举止、感官等,
0752,串门儿,跑人家 pʰɔ²² ɲiŋ²² ko³³,第十一部分,十一、动作行为,日常动作、心理活动、言谈举止、感官等,
0753,走亲戚,做人客 tso³³ ɲiŋ³³ kʰaʔ⁵,第十一部分,十一、动作行为,日常动作、心理活动、言谈举止、感官等,
0754,看,看 kʰɛ̃³³,第十一部分,十一、动作行为,日常动作、心理活动、言谈举止、感官等,
0755,听,听 tʰiŋ³³,第十一部分,十一、动作行为,日常动作、心理活动、言谈举止、感官等,
0756,闻,嗅 ɕioŋ³³,第十一部分,十一、动作行为,日常动作、心理活动、言谈举止、感官等,
0757,吸,吸 ɕieʔ⁵,第十一部分,十一、动作行为,日常动作、心理活动、言谈举止、感官等,
0758,睁,睁 tsəŋ⁵³,第十一部分,十一、动作行为,日常动作、心理活动、言谈举止、感官等,
0759,闭,闭 pi³³,第十一部分,十一、动作行为,日常动作、心理活动、言谈举止、感官等,
0760,眨,眨 kɛʔ⁵,第十一部分,十一、动作行为,日常动作、心理活动、言谈举止、感官等,
0761,张,张开 tsaŋ³³ kʰɛ̃³³,第十一部分,十一、动作行为,日常动作、心理活动、言谈举止、感官等,
0762,闭,闭拢 pi³³ loŋ²²,第十一部分,十一、动作行为,日常动作、心理活动、言谈举止、感官等,
0763,咬,咬 ŋɔ²³,第十一部分,十一、动作行为,日常动作、心理活动、言谈举止、感官等,
0764,嚼,嚼 ziaʔ⁵,第十一部分,十一、动作行为,日常动作、心理活动、言谈举止、感官等,
0765,咽,咽 ɦie³³,第十一部分,十一、动作行为,日常动作、心理活动、言谈举止、感官等,
0766,舔,舔 tʰie³⁴,第十一部分,十一、动作行为,日常动作、心理活动、言谈举止、感官等,
0767,含,含 ʑɛ̃²³,第十一部分,十一、动作行为,日常动作、心理活动、言谈举止、感官等,
0768,亲,嗅 ɕioŋ³³,第十一部分,十一、动作行为,日常动作、心理活动、言谈举止、感官等,
0769,吮吸,嘬 soʔ⁵,第十一部分,十一、动作行为,日常动作、心理活动、言谈举止、感官等,
0770,吐,吐 tʰu³⁴,第十一部分,十一、动作行为,日常动作、心理活动、言谈举止、感官等,
0771,吐,冒 mɔ²³,第十一部分,十一、动作行为,日常动作、心理活动、言谈举止、感官等,
0772,打喷嚏,打嚏 taŋ³³ tʰi⁵³,第十一部分,十一、动作行为,日常动作、心理活动、言谈举止、感官等,
0773,拿,驮 do³¹,第十一部分,十一、动作行为,日常动作、心理活动、言谈举止、感官等,
0774,给,拨 poʔ⁵,第十一部分,十一、动作行为,日常动作、心理活动、言谈举止、感官等,
0775,摸,摸 moʔ⁵,第十一部分,十一、动作行为,日常动作、心理活动、言谈举止、感官等,
0776,伸,伸 sɛ̃³³,第十一部分,十一、动作行为,日常动作、心理活动、言谈举止、感官等,
0777,挠,抓 tso³³,第十一部分,十一、动作行为,日常动作、心理活动、言谈举止、感官等,
0778,掐,掐 kʰɛʔ⁵,第十一部分,十一、动作行为,日常动作、心理活动、言谈举止、感官等,
0779,拧,旋 ʑie²²,第十一部分,十一、动作行为,日常动作、心理活动、言谈举止、感官等,
0780,拧,绞 kɔ³³⁴,第十一部分,十一、动作行为,日常动作、心理活动、言谈举止、感官等,
0781,捻,捻 mieʔ⁵,第十一部分,十一、动作行为,日常动作、心理活动、言谈举止、感官等,
0782,撕,撕 sɿ³³,第十一部分,十一、动作行为,日常动作、心理活动、言谈举止、感官等,
0783,剥,剥 poʔ⁵,第十一部分,十一、动作行为,日常动作、心理活动、言谈举止、感官等,
0784,撕,扯 tsʰa³³⁴,第十一部分,十一、动作行为,日常动作、心理活动、言谈举止、感官等,
0785,折,拗 ɔ³⁴,第十一部分,十一、动作行为,日常动作、心理活动、言谈举止、感官等,
0786,拔,拔 bɛʔ²,第十一部分,十一、动作行为,日常动作、心理活动、言谈举止、感官等,
0787,摘,摘 tsaʔ⁵,第十一部分,十一、动作行为,日常动作、心理活动、言谈举止、感官等,
0788,站,立 ɦieʔ⁵,第十一部分,十一、动作行为,日常动作、心理活动、言谈举止、感官等,
0789,倚,倚 gɛ²²,第十一部分,十一、动作行为,日常动作、心理活动、言谈举止、感官等,
0790,蹲,蹲 təŋ³³,第十一部分,十一、动作行为,日常动作、心理活动、言谈举止、感官等,
0791,坐,坐 zo²²³,第十一部分,十一、动作行为,日常动作、心理活动、言谈举止、感官等,
0792,跳,跳 tʰiɔ³³,第十一部分,十一、动作行为,日常动作、心理活动、言谈举止、感官等,
0793,跨,跨 kʰɔ⁵³,第十一部分,十一、动作行为,日常动作、心理活动、言谈举止、感官等,
0794,迈,跨 dɛʔ⁵,第十一部分,十一、动作行为,日常动作、心理活动、言谈举止、感官等,
0795,翘,翘 tɕʰiɔ³³,第十一部分,十一、动作行为,日常动作、心理活动、言谈举止、感官等,
0796,弯,弯 ʋɛ̃³³,第十一部分,十一、动作行为,日常动作、心理活动、言谈举止、感官等,
0797,挺,挺 tʰiŋ³⁴,第十一部分,十一、动作行为,日常动作、心理活动、言谈举止、感官等,
0798,趴,匍 bo²²,第十一部分,十一、动作行为,日常动作、心理活动、言谈举止、感官等,
0799,爬,爬 bo³¹,第十一部分,十一、动作行为,日常动作、心理活动、言谈举止、感官等,
0800,走,走 tsɤ³⁴,第十一部分,十一、动作行为,日常动作、心理活动、言谈举止、感官等,
0801,跑,跑 pʰɔ³⁴,第十一部分,十一、动作行为,日常动作、心理活动、言谈举止、感官等,
0802,逃,逃 dɔ³¹,第十一部分,十一、动作行为,日常动作、心理活动、言谈举止、感官等,
0803,追,追 tsɛ³³,第十一部分,十一、动作行为,日常动作、心理活动、言谈举止、感官等,
0804,抓,搭 kʰɔ⁵³,第十一部分,十一、动作行为,日常动作、心理活动、言谈举止、感官等,
0805,抱,抱 bɔ²³,第十一部分,十一、动作行为,日常动作、心理活动、言谈举止、感官等,
0806,背,背 pe³³,第十一部分,十一、动作行为,日常动作、心理活动、言谈举止、感官等,
0807,搀,搀 u³¹,第十一部分,十一、动作行为,日常动作、心理活动、言谈举止、感官等,
0808,推,推 tʰɛ³³,第十一部分,十一、动作行为,日常动作、心理活动、言谈举止、感官等,
0809,摔跤,跌 tieʔ⁵,第十一部分,十一、动作行为,日常动作、心理活动、言谈举止、感官等,
0810,撞,撞 dzaŋ²²,第十一部分,十一、动作行为,日常动作、心理活动、言谈举止、感官等,
0811,挡,遮 tso⁵³,第十一部分,十一、动作行为,日常动作、心理活动、言谈举止、感官等,
0812,躲,躲 to³³⁴,第十一部分,十一、动作行为,日常动作、心理活动、言谈举止、感官等,
0813,藏,囤 kʰɑŋ³³,第十一部分,十一、动作行为,日常动作、心理活动、言谈举止、感官等,
0814,放,摆 pa³⁴,第十一部分,十一、动作行为,日常动作、心理活动、言谈举止、感官等,
0815,摞,□ dzaŋ³³,第十一部分,十一、动作行为,日常动作、心理活动、言谈举止、感官等,
0816,埋,埋 dzaŋ³¹,第十一部分,十一、动作行为,日常动作、心理活动、言谈举止、感官等,
0817,盖,盖 kɛ³³,第十一部分,十一、动作行为,日常动作、心理活动、言谈举止、感官等,
0818,压,压 ɛʔ⁵,第十一部分,十一、动作行为,日常动作、心理活动、言谈举止、感官等,
0819,摁,捺 tɕʰiŋ⁵³,第十一部分,十一、动作行为,日常动作、心理活动、言谈举止、感官等,
0820,捅,戳 tsʰoʔ⁵,第十一部分,十一、动作行为,日常动作、心理活动、言谈举止、感官等,
0821,插,插 tsʰaʔ⁵,第十一部分,十一、动作行为,日常动作、心理活动、言谈举止、感官等,
0822,戳,戳 tsʰoʔ⁵,第十一部分,十一、动作行为,日常动作、心理活动、言谈举止、感官等,
0823,砍,斫 tsoʔ⁵,第十一部分,十一、动作行为,日常动作、心理活动、言谈举止、感官等,
0824,剁,剁 to⁵³,第十一部分,十一、动作行为,日常动作、心理活动、言谈举止、感官等,
0825,削,削 ɕiaʔ⁵,第十一部分,十一、动作行为,日常动作、心理活动、言谈举止、感官等,
0826,裂,裂 tsʰɿ³³,第十一部分,十一、动作行为,日常动作、心理活动、言谈举止、感官等,
0827,皱,皱 tsɤ³³,第十一部分,十一、动作行为,日常动作、心理活动、言谈举止、感官等,
0828,腐烂,烂 ɦɛ̃²²,第十一部分,十一、动作行为,日常动作、心理活动、言谈举止、感官等,
0829,擦,揩 kʰa³³,第十一部分,十一、动作行为,日常动作、心理活动、言谈举止、感官等,
0830,倒,倒 dɔ³¹,第十一部分,十一、动作行为,日常动作、心理活动、言谈举止、感官等,
0831,扔,损 guɛ²²,第十一部分,十一、动作行为,日常动作、心理活动、言谈举止、感官等,
0832,扔,损 guɛ²²,第十一部分,十一、动作行为,日常动作、心理活动、言谈举止、感官等,
0833,掉,跌 tieʔ⁵,第十一部分,十一、动作行为,日常动作、心理活动、言谈举止、感官等,
0834,滴,滴 ɦi³³,第十一部分,十一、动作行为,日常动作、心理活动、言谈举止、感官等,
0835,丢,跌落 ɦieʔ² loʔ²,第十一部分,十一、动作行为,日常动作、心理活动、言谈举止、感官等,
0836,寻找,寻 ziŋ³¹,第十一部分,十一、动作行为,日常动作、心理活动、言谈举止、感官等,
0837,捡,□ dɛ̃²²³,第十一部分,十一、动作行为,日常动作、心理活动、言谈举止、感官等,
0838,提,拎 ɦiŋ³³,第十一部分,十一、动作行为,日常动作、心理活动、言谈举止、感官等,
0839,挑,挑 tʰiɔ³³,第十一部分,十一、动作行为,日常动作、心理活动、言谈举止、感官等,
0840,扛,扛 kɔ̃³³,第十一部分,十一、动作行为,日常动作、心理活动、言谈举止、感官等,
0841,抬,抬 dɛ³¹,第十一部分,十一、动作行为,日常动作、心理活动、言谈举止、感官等,
0842,举,擎 dʑiŋ²³,第十一部分,十一、动作行为,日常动作、心理活动、言谈举止、感官等,
0843,撑,撑 tsʰəŋ³³,第十一部分,十一、动作行为,日常动作、心理活动、言谈举止、感官等,
0844,撬,撬 dʑiɔ²³,第十一部分,十一、动作行为,日常动作、心理活动、言谈举止、感官等,
0845,挑拣,拣 kɛ³⁴,第十一部分,十一、动作行为,日常动作、心理活动、言谈举止、感官等,
0846,收,收 sɤ³³,第十一部分,十一、动作行为,日常动作、心理活动、言谈举止、感官等,
0847,挽,卷 tɕyɔ̃³⁴,第十一部分,十一、动作行为,日常动作、心理活动、言谈举止、感官等,
0848,涮,荡 dɔ̃²³,第十一部分,十一、动作行为,日常动作、心理活动、言谈举止、感官等,
0849,洗,汏 ɦa³³,第十一部分,十一、动作行为,日常动作、心理活动、言谈举止、感官等,
0850,捞,捞 ɦiɔ³³,第十一部分,十一、动作行为,日常动作、心理活动、言谈举止、感官等,
0851,拴,吊 tiɔ³³,第十一部分,十一、动作行为,日常动作、心理活动、言谈举止、感官等,
0852,捆,绑 pɔ̃³³,第十一部分,十一、动作行为,日常动作、心理活动、言谈举止、感官等,
0853,解,解 ka³⁴,第十一部分,十一、动作行为,日常动作、心理活动、言谈举止、感官等,
0854,挪,移 ɦi³¹,第十一部分,十一、动作行为,日常动作、心理活动、言谈举止、感官等,
0855,端,掇 toʔ⁵,第十一部分,十一、动作行为,日常动作、心理活动、言谈举止、感官等,
0856,摔,掼 guɛ²²,第十一部分,十一、动作行为,日常动作、心理活动、言谈举止、感官等,
0857,掺,掺 tsʰɛ̃⁴⁴,第十一部分,十一、动作行为,日常动作、心理活动、言谈举止、感官等,
0858,烧,烧 sɔ³³,第十一部分,十一、动作行为,日常动作、心理活动、言谈举止、感官等,
0859,拆,拆 tsʰaʔ⁵,第十一部分,十一、动作行为,日常动作、心理活动、言谈举止、感官等,
0860,转,转 tsɔ̃³⁴,第十一部分,十一、动作行为,日常动作、心理活动、言谈举止、感官等,
0861,捶,捶 zəŋ³³,第十一部分,十一、动作行为,日常动作、心理活动、言谈举止、感官等,
0862,打,敲 kʰɔ³³,第十一部分,十一、动作行为,日常动作、心理活动、言谈举止、感官等,
0863,打架,打人阵 taŋ³³ ɲiŋ²² dzɛ̃²²,第十一部分,十一、动作行为,日常动作、心理活动、言谈举止、感官等,
0864,休息,休息 ɕiɤ³³ ɕieʔ⁵,第十一部分,十一、动作行为,日常动作、心理活动、言谈举止、感官等,
0865,打哈欠,打呵欠 taŋ³³ ɦo³³ ɦie³³,第十一部分,十一、动作行为,日常动作、心理活动、言谈举止、感官等,
0866,打瞌睡,打瞌眦 taŋ³³ kʰɛʔ⁵ tsʰɿ³³,第十一部分,十一、动作行为,日常动作、心理活动、言谈举止、感官等,
0867,睡,睏 kʰuəŋ³³,第十一部分,十一、动作行为,日常动作、心理活动、言谈举止、感官等,
0868,打呼噜,打鼾声 taŋ³³ ɦɛ̃³³ səŋ³³,第十一部分,十一、动作行为,日常动作、心理活动、言谈举止、感官等,
0869,做梦,做梦 tso³³ moŋ²²,第十一部分,十一、动作行为,日常动作、心理活动、言谈举止、感官等,
0870,起床,蹩起 bɛʔ² tɕʰi³³⁴,第十一部分,十一、动作行为,日常动作、心理活动、言谈举止、感官等,
0871,刷牙,刷牙 tsʰoʔ⁵ ŋa²³¹,第十一部分,十一、动作行为,日常动作、心理活动、言谈举止、感官等,
0872,洗澡,汏浴 ɦa²² ɦioʔ²,第十一部分,十一、动作行为,日常动作、心理活动、言谈举止、感官等,
0873,想,想 ɕiaŋ³⁴,第十一部分,十一、动作行为,日常动作、心理活动、言谈举止、感官等,
0874,想念,记挂 tɕi³³ kuo³³,第十一部分,十一、动作行为,日常动作、心理活动、言谈举止、感官等,
0875,打算,想 ɕiaŋ³⁴,第十一部分,十一、动作行为,日常动作、心理活动、言谈举止、感官等,
0876,记得,记得 tɕi³³ tɛʔ⁵,第十一部分,十一、动作行为,日常动作、心理活动、言谈举止、感官等,
0877,忘记,忘记 moŋ²² tɕi³³,第十一部分,十一、动作行为,日常动作、心理活动、言谈举止、感官等,
0878,害怕,怕 pʰo³³,第十一部分,十一、动作行为,日常动作、心理活动、言谈举止、感官等,
0879,相信,相信 ɕiaŋ³³ ɕiŋ³³,第十一部分,十一、动作行为,日常动作、心理活动、言谈举止、感官等,
0880,发愁,愁 zɤ³¹,第十一部分,十一、动作行为,日常动作、心理活动、言谈举止、感官等,
0881,小心,当心 tɔ̃³³ ɕiŋ⁵³,第十一部分,十一、动作行为,日常动作、心理活动、言谈举止、感官等,
0882,喜欢,欢喜 huɔ̃³³ ɕi³³,第十一部分,十一、动作行为,日常动作、心理活动、言谈举止、感官等,
0883,讨厌,厌憎 ɛ̃³³ tsəŋ³³,第十一部分,十一、动作行为,日常动作、心理活动、言谈举止、感官等,
0884,舒服,爽快 sɔ̃³³ kʰua³³,第十一部分,十一、动作行为,日常动作、心理活动、言谈举止、感官等,
0885,难受,难过 nɛ²² kuɔ³³,第十一部分,十一、动作行为,日常动作、心理活动、言谈举止、感官等,
0886,难过,难过 nɛ²² kuɔ³³,第十一部分,十一、动作行为,日常动作、心理活动、言谈举止、感官等,
0887,高兴,高兴 kɔ³³ ɕiŋ³³,第十一部分,十一、动作行为,日常动作、心理活动、言谈举止、感官等,
0888,生气,气 tɕʰi³³,第十一部分,十一、动作行为,日常动作、心理活动、言谈举止、感官等,
0889,责怪,怪 kua³³,第十一部分,十一、动作行为,日常动作、心理活动、言谈举止、感官等,
0890,后悔,懊悔 ɔ³³ hue³³,第十一部分,十一、动作行为,日常动作、心理活动、言谈举止、感官等,
0891,忌妒,眼热 ŋɛ²² ɲieʔ²,第十一部分,十一、动作行为,日常动作、心理活动、言谈举止、感官等,
0892,害羞,怕难为情 pʰo³³ nɛ²² ɦue²² dʑiŋ³¹,第十一部分,十一、动作行为,日常动作、心理活动、言谈举止、感官等,
0893,丢脸,剥糟 pɔʔ⁵ tsɔ³³,第十一部分,十一、动作行为,日常动作、心理活动、言谈举止、感官等,
0894,欺负,作弄 tso³³ loŋ³³,第十一部分,十一、动作行为,日常动作、心理活动、言谈举止、感官等,
0895,装病,装死 tsɔ̃³³ ɕi³⁴,第十一部分,十一、动作行为,日常动作、心理活动、言谈举止、感官等,
0896,疼爱,值钿 dʑɛʔ² die³¹,第十一部分,十一、动作行为,日常动作、心理活动、言谈举止、感官等,
0897,要,要 ɦiɔ³³,第十一部分,十一、动作行为,日常动作、心理活动、言谈举止、感官等,
0898,有,有 ɦiɤ²⁴,第十一部分,十一、动作行为,日常动作、心理活动、言谈举止、感官等,
0899,没有,无有 ɲi²² ɦiɤ³³,第十一部分,十一、动作行为,日常动作、心理活动、言谈举止、感官等,
0900,是,是 zɛʔ²,第十一部分,十一、动作行为,日常动作、心理活动、言谈举止、感官等,
0901,不是,勿是 ʋɛʔ² zɛ²²,第十一部分,十一、动作行为,日常动作、心理活动、言谈举止、感官等,
0902,在他家,来亨 ɦie²² ɦaŋ⁵³,第十一部分,十一、动作行为,日常动作、心理活动、言谈举止、感官等,
0903,不在他家,勿来亨 ʋɛʔ² ɦie²² ɦaŋ⁵³,第十一部分,十一、动作行为,日常动作、心理活动、言谈举止、感官等,
0904,知道,晓得 ɕiɔ³³ tɛʔ⁵,第十一部分,十一、动作行为,日常动作、心理活动、言谈举止、感官等,
0905,不知道,勿晓得 ʋɛʔ² ɕiɔ³³ tɛʔ⁵,第十一部分,十一、动作行为,日常动作、心理活动、言谈举止、感官等,
0906,懂,懂 toŋ³⁴,第十一部分,十一、动作行为,日常动作、心理活动、言谈举止、感官等,
0907,不懂,勿懂 ʋɛʔ² toŋ³⁴,第十一部分,十一、动作行为,日常动作、心理活动、言谈举止、感官等,
0908,会,会 uɛ²²,第十一部分,十一、动作行为,日常动作、心理活动、言谈举止、感官等,
0909,不会,勿会 ʋɛʔ² uɛ²²,第十一部分,十一、动作行为,日常动作、心理活动、言谈举止、感官等,
0910,认识,认得 ɲiŋ²² tɛʔ⁵,第十一部分,十一、动作行为,日常动作、心理活动、言谈举止、感官等,
0911,不认识,勿认得 ʋɛʔ² ɲiŋ²² tɛʔ⁵,第十一部分,十一、动作行为,日常动作、心理活动、言谈举止、感官等,
0912,行,好 ɦɔ³⁴,第十一部分,十一、动作行为,日常动作、心理活动、言谈举止、感官等,
0913,不行,勿好 ʋɛʔ² ɦɔ³⁴,第十一部分,十一、动作行为,日常动作、心理活动、言谈举止、感官等,
0914,肯,肯 kʰəŋ³⁴,第十一部分,十一、动作行为,日常动作、心理活动、言谈举止、感官等,
0915,应该,应该 ɦiŋ³³ kɛ⁵³,第十一部分,十一、动作行为,日常动作、心理活动、言谈举止、感官等,
0916,可以,好 ɦɔ³⁴,第十一部分,十一、动作行为,日常动作、心理活动、言谈举止、感官等,
0917,说,话 uo²²,第十一部分,十一、动作行为,日常动作、心理活动、言谈举止、感官等,
0918,说话,说话 ɕioʔ⁵ uo³¹,第十一部分,十一、动作行为,日常动作、心理活动、言谈举止、感官等,
0919,聊天,讲闲话 kɔ̃³³ ɦɛ̃²² uo²³,第十一部分,十一、动作行为,日常动作、心理活动、言谈举止、感官等,
0920,叫,讴 ɤ³³,第十一部分,十一、动作行为,日常动作、心理活动、言谈举止、感官等,
0921,吆喝,射肚皮 dza²² dʑa²² ʑy³³,第十一部分,十一、动作行为,日常动作、心理活动、言谈举止、感官等,
0922,哭,哭 kʰɔʔ⁵,第十一部分,十一、动作行为,日常动作、心理活动、言谈举止、感官等,
0923,骂,骂 mo²²,第十一部分,十一、动作行为,日常动作、心理活动、言谈举止、感官等,
0924,吵架,讨相骂 tʰɔ³³ ɕiaŋ³³ mo²²,第十一部分,十一、动作行为,日常动作、心理活动、言谈举止、感官等,
0925,骗,骗 pʰiɛ³³,第十一部分,十一、动作行为,日常动作、心理活动、言谈举止、感官等,
0926,哄,哄 ɦoŋ³⁴,第十一部分,十一、动作行为,日常动作、心理活动、言谈举止、感官等,
0927,撒谎,讲造话 kɔ̃³³ zɔ²² uo³³,第十一部分,十一、动作行为,日常动作、心理活动、言谈举止、感官等,
0928,吹牛,吹牛屎 tsʰɿ³³ ɲiɤ²² ɕi³³,第十一部分,十一、动作行为,日常动作、心理活动、言谈举止、感官等,
0929,拍马屁,拍马屁 pʰɐʔ⁵ mo²⁴ pʰi³³,第十二部分,十二、性质状态,颜色、形状、程度、好坏、性格特征等,
0930,开玩笑,作乐 tsoʔ⁵ loʔ²,第十二部分,十二、性质状态,颜色、形状、程度、好坏、性格特征等,
0931,告诉,话 uo²²,第十二部分,十二、性质状态,颜色、形状、程度、好坏、性格特征等,
0932,谢谢,谢谢 zia²² zia²²,第十二部分,十二、性质状态,颜色、形状、程度、好坏、性格特征等,
0933,对不起,对勿住 tɛ³³ ʋɛʔ² dʑy²²,第十二部分,十二、性质状态,颜色、形状、程度、好坏、性格特征等,
0934,再见,再会 tsɛ³³ uɛ²²,第十二部分,十二、性质状态,颜色、形状、程度、好坏、性格特征等,
0935,大,大 do²²,第十二部分,十二、性质状态,颜色、形状、程度、好坏、性格特征等,
0936,小,小 ɕiɔ³³⁴,第十二部分,十二、性质状态,颜色、形状、程度、好坏、性格特征等,
0937,粗,粗 tsʰu³³,第十二部分,十二、性质状态,颜色、形状、程度、好坏、性格特征等,
0938,细,细 ɕi³³,第十二部分,十二、性质状态,颜色、形状、程度、好坏、性格特征等,
0939,长,长 dzaŋ³¹,第十二部分,十二、性质状态,颜色、形状、程度、好坏、性格特征等,
0940,短,短 tɔ̃³³⁴,第十二部分,十二、性质状态,颜色、形状、程度、好坏、性格特征等,
0941,长时间,长 dzaŋ²³¹,第十二部分,十二、性质状态,颜色、形状、程度、好坏、性格特征等,
0942,短时间,短 tɔ̃³³⁴,第十二部分,十二、性质状态,颜色、形状、程度、好坏、性格特征等,
0943,宽阔,阔 kʰuɔʔ⁵,第十二部分,十二、性质状态,颜色、形状、程度、好坏、性格特征等,
0944,宽敞,开阔 kʰɛ³³ kʰuɔʔ⁵,第十二部分,十二、性质状态,颜色、形状、程度、好坏、性格特征等,
0945,窄,狭 ɛʔ²,第十二部分,十二、性质状态,颜色、形状、程度、好坏、性格特征等,
0946,高,高 kɔ³³,第十二部分,十二、性质状态,颜色、形状、程度、好坏、性格特征等,
0947,低,低 ti³³,第十二部分,十二、性质状态,颜色、形状、程度、好坏、性格特征等,
0948,高他比我~,长 dzaŋ³¹,第十二部分,十二、性质状态,颜色、形状、程度、好坏、性格特征等,
0949,矮他比我~,矮 a³³⁴,第十二部分,十二、性质状态,颜色、形状、程度、好坏、性格特征等,
0950,近路~,近 dʑiŋ²²³,第十二部分,十二、性质状态,颜色、形状、程度、好坏、性格特征等,
0951,远路~,远 ɦyɔ̃²²³,第十二部分,十二、性质状态,颜色、形状、程度、好坏、性格特征等,
0952,深水~,深 sɛ̃⁵³,第十二部分,十二、性质状态,颜色、形状、程度、好坏、性格特征等,
0953,浅水~,浅 tsʰiɛ³⁴,第十二部分,十二、性质状态,颜色、形状、程度、好坏、性格特征等,
0954,清水~,清 tsʰiŋ⁵³,第十二部分,十二、性质状态,颜色、形状、程度、好坏、性格特征等,
0955,浑水~,浑 ɦuəŋ³¹,第十二部分,十二、性质状态,颜色、形状、程度、好坏、性格特征等,
0956,圆,圆 ɦyø̃²³¹,第十二部分,十二、性质状态,颜色、形状、程度、好坏、性格特征等,
0957,扁,扁 pie³⁴,第十二部分,十二、性质状态,颜色、形状、程度、好坏、性格特征等,
0958,方,方 fɔŋ³³,第十二部分,十二、性质状态,颜色、形状、程度、好坏、性格特征等,
0959,尖,尖 tɕie³³,第十二部分,十二、性质状态,颜色、形状、程度、好坏、性格特征等,
0960,平,平 biŋ³¹,第十二部分,十二、性质状态,颜色、形状、程度、好坏、性格特征等,
0961,肥~肉,肥 bi²³¹,第十二部分,十二、性质状态,颜色、形状、程度、好坏、性格特征等,
0962,瘦~肉,精 tɕiŋ⁵³,第十二部分,十二、性质状态,颜色、形状、程度、好坏、性格特征等,
0963,肥形容猪等动物,壮 tsoŋ³³,第十二部分,十二、性质状态,颜色、形状、程度、好坏、性格特征等,
0964,胖形容人,壮 tsoŋ³³,第十二部分,十二、性质状态,颜色、形状、程度、好坏、性格特征等,
0965,瘦形容人,瘦 sɤ³³,第十二部分,十二、性质状态,颜色、形状、程度、好坏、性格特征等,
0966,黑黑板颜色,黑 hɐʔ⁵,第十二部分,十二、性质状态,颜色、形状、程度、好坏、性格特征等,
0967,白雪颜色,白 bɐʔ²,第十二部分,十二、性质状态,颜色、形状、程度、好坏、性格特征等,
0968,红国旗主颜色,红 oŋ³¹,第十二部分,十二、性质状态,颜色、形状、程度、好坏、性格特征等,
0969,黄国旗上五角星颜色,黄 ɦuɔŋ³¹,第十二部分,十二、性质状态,颜色、形状、程度、好坏、性格特征等,
0970,蓝蓝天空颜色,蓝 lɛ̃²³¹,第十二部分,十二、性质状态,颜色、形状、程度、好坏、性格特征等,
0971,绿绿叶颜色,绿 loʔ²,第十二部分,十二、性质状态,颜色、形状、程度、好坏、性格特征等,
0972,紫紫药水的颜色,紫 tsɿ³³⁴,第十二部分,十二、性质状态,颜色、形状、程度、好坏、性格特征等,
0973,灰草木灰的颜色,灰 hue³³,第十二部分,十二、性质状态,颜色、形状、程度、好坏、性格特征等,
0974,多东西~,多 to⁵³,第十二部分,十二、性质状态,颜色、形状、程度、好坏、性格特征等,
0975,少东西~,少 sɔ³³⁴,第十二部分,十二、性质状态,颜色、形状、程度、好坏、性格特征等,
0976,重担子~,重 dzoŋ²²³,第十二部分,十二、性质状态,颜色、形状、程度、好坏、性格特征等,
0977,轻担子~,轻 tɕʰiŋ³³,第十二部分,十二、性质状态,颜色、形状、程度、好坏、性格特征等,
0978,直线~,直 dzɛʔ²,第十二部分,十二、性质状态,颜色、形状、程度、好坏、性格特征等,
0979,陡坡~楼梯~,笮 tɔʔ⁵,第十二部分,十二、性质状态,颜色、形状、程度、好坏、性格特征等,
0980,弯弯曲:这条路是~的,弯 uɛ̃³³,第十二部分,十二、性质状态,颜色、形状、程度、好坏、性格特征等,
0981,歪帽子戴~了,歪 ua³³,第十二部分,十二、性质状态,颜色、形状、程度、好坏、性格特征等,
0982,厚木板~,厚 ɦɤ²²³,第十二部分,十二、性质状态,颜色、形状、程度、好坏、性格特征等,
0983,薄木板~,薄 boʔ²,第十二部分,十二、性质状态,颜色、形状、程度、好坏、性格特征等,
0984,稠稀饭~,燥 sɔ³³,第十二部分,十二、性质状态,颜色、形状、程度、好坏、性格特征等,
0985,稀稀饭~,烂 ɦɛ̃²²,第十二部分,十二、性质状态,颜色、形状、程度、好坏、性格特征等,
0986,密菜种得~,狭 gɛʔ²,第十二部分,十二、性质状态,颜色、形状、程度、好坏、性格特征等,
0987,稀疏:菜种得~,疏 sɿ⁵³,第十二部分,十二、性质状态,颜色、形状、程度、好坏、性格特征等,
0988,亮指光线,"明亮,""亮 liaŋ²²""",第十二部分,十二、性质状态,颜色、形状、程度、好坏、性格特征等,
0989,黑指光线,"完全看不见,""暗 ɛ̃³³""",第十二部分,十二、性质状态,颜色、形状、程度、好坏、性格特征等,
0990,热天气~,热 ɲieʔ²,第十二部分,十二、性质状态,颜色、形状、程度、好坏、性格特征等,
0991,暖和天气~,和暖 ɦo²² ɲyø̃³³,第十二部分,十二、性质状态,颜色、形状、程度、好坏、性格特征等,
0992,凉天气~,热烘烘 ɲieʔ² hoŋ³³ hoŋ³¹,第十二部分,十二、性质状态,颜色、形状、程度、好坏、性格特征等,
0993,冷天气~,阴凉 iŋ³³ liaŋ²²,第十二部分,十二、性质状态,颜色、形状、程度、好坏、性格特征等,
0994,热水~,冷 laŋ²²³,第十二部分,十二、性质状态,颜色、形状、程度、好坏、性格特征等,
0995,干:衣服晒~了,热 ɲieʔ²,第十二部分,十二、性质状态,颜色、形状、程度、好坏、性格特征等,
0996,湿:衣服淋~了,燥 sɔ³³,第十二部分,十二、性质状态,颜色、形状、程度、好坏、性格特征等,
0997,干净衣服~,湿 sɛʔ⁵,第十二部分,十二、性质状态,颜色、形状、程度、好坏、性格特征等,
0998,脏:衣服~,清爽 tsʰiŋ³³ sɔŋ³³,第十二部分,十二、性质状态,颜色、形状、程度、好坏、性格特征等,
0999,快锋利:刀子~,风 foŋ³³,第十二部分,十二、性质状态,颜色、形状、程度、好坏、性格特征等,
1000,钝刀~,快 kʰua³³,第十二部分,十二、性质状态,颜色、形状、程度、好坏、性格特征等,
1001,快车比走路~,钝 dø̃²²,第十二部分,十二、性质状态,颜色、形状、程度、好坏、性格特征等,
1002,慢走路比坐车~,快 kʰua³³,第十二部分,十二、性质状态,颜色、形状、程度、好坏、性格特征等,
1003,早来~,慢 mɛ̃²²,第十二部分,十二、性质状态,颜色、形状、程度、好坏、性格特征等,
1004,晚来~了,早 tsɔ³³⁴,第十二部分,十二、性质状态,颜色、形状、程度、好坏、性格特征等,
1005,晚天色~,迟 dʑi³¹,第十二部分,十二、性质状态,颜色、形状、程度、好坏、性格特征等,
1006,松捆得~,暗 ɛ̃³³,第十二部分,十二、性质状态,颜色、形状、程度、好坏、性格特征等,
1007,紧捆得~,宽 kʰuɔ̃³³,第十二部分,十二、性质状态,颜色、形状、程度、好坏、性格特征等,
1008,容易这道题~,实 zɛʔ²,第十二部分,十二、性质状态,颜色、形状、程度、好坏、性格特征等,
1009,难这道题~,简单 tɕie⁴⁴ tɛ̃³¹,第十二部分,十二、性质状态,颜色、形状、程度、好坏、性格特征等,
1010,新衣服~,难 nɛ³¹,第十二部分,十二、性质状态,颜色、形状、程度、好坏、性格特征等,
1011,旧衣服~,新 ɕiŋ⁵³,第十二部分,十二、性质状态,颜色、形状、程度、好坏、性格特征等,
1012,老人~,旧 dʑiɤ²²,第十二部分,十二、性质状态,颜色、形状、程度、好坏、性格特征等,
1013,年轻人~,老 ɦɔ²²³,第十二部分,十二、性质状态,颜色、形状、程度、好坏、性格特征等,
1014,软糯~,后生 ɦɤ²⁴ səŋ³¹,第十二部分,十二、性质状态,颜色、形状、程度、好坏、性格特征等,
1015,硬骨头~,软 ɲyø̃²²³,第十二部分,十二、性质状态,颜色、形状、程度、好坏、性格特征等,
1016,烂肉煮熟~,硬 ŋaŋ²²,第十二部分,十二、性质状态,颜色、形状、程度、好坏、性格特征等,
1017,稠饭烧~了,酥 su³³,第十二部分,十二、性质状态,颜色、形状、程度、好坏、性格特征等,
1018,稠饭烧~了,焦 tɕiɔ⁵³,第十二部分,十二、性质状态,颜色、形状、程度、好坏、性格特征等,
1019,结实家具~,扎实 tsɛʔ² zɛʔ²,第十二部分,十二、性质状态,颜色、形状、程度、好坏、性格特征等,
1020,破衣服~,破 pʰa³³,第十二部分,十二、性质状态,颜色、形状、程度、好坏、性格特征等,
1021,富他家很~,富 fu³³,第十二部分,十二、性质状态,颜色、形状、程度、好坏、性格特征等,
1022,穷他家很~,穷 dʑioŋ³¹,第十二部分,十二、性质状态,颜色、形状、程度、好坏、性格特征等,
1023,忙最近很~,忙 mɔŋ³¹,第十二部分,十二、性质状态,颜色、形状、程度、好坏、性格特征等,
1024,闲最近比较~,空 kʰoŋ³³,第十二部分,十二、性质状态,颜色、形状、程度、好坏、性格特征等,
1025,累走路走得很~,吃力 tɕʰieʔ⁵ ɦieʔ²,第十二部分,十二、性质状态,颜色、形状、程度、好坏、性格特征等,
1026,疼痒~了,痛 tʰoŋ³³,第十二部分,十二、性质状态,颜色、形状、程度、好坏、性格特征等,
1027,痒皮肤~,痒 ɦiaŋ²⁴,第十二部分,十二、性质状态,颜色、形状、程度、好坏、性格特征等,
1028,热闹,闹热 ɦɔ²² ɲieʔ²,第十二部分,十二、性质状态,颜色、形状、程度、好坏、性格特征等,
1029,熟悉,熟 zoʔ²,第十二部分,十二、性质状态,颜色、形状、程度、好坏、性格特征等,
1030,陌生,陌生 mɐʔ² səŋ³³,第十二部分,十二、性质状态,颜色、形状、程度、好坏、性格特征等,
1031,味道,味道 bi²² dɔ³¹,第十二部分,十二、性质状态,颜色、形状、程度、好坏、性格特征等,
1032,气味,气息 tɕʰi³³ ɕieʔ⁵,第十二部分,十二、性质状态,颜色、形状、程度、好坏、性格特征等,
1033,咸,咸 ɦɛ̃³¹,第十二部分,十二、性质状态,颜色、形状、程度、好坏、性格特征等,
1034,淡,淡 dɛ̃²²³,第十二部分,十二、性质状态,颜色、形状、程度、好坏、性格特征等,
1035,酸,酸 sɔ̃⁵³,第十二部分,十二、性质状态,颜色、形状、程度、好坏、性格特征等,
1036,甜,甜 die³¹,第十二部分,十二、性质状态,颜色、形状、程度、好坏、性格特征等,
1037,苦,苦 kʰu³⁴,第十二部分,十二、性质状态,颜色、形状、程度、好坏、性格特征等,
1038,辣,辣 lɛʔ²,第十二部分,十二、性质状态,颜色、形状、程度、好坏、性格特征等,
1039,鲜,鲜 ɕiɛ̃⁵³,第十二部分,十二、性质状态,颜色、形状、程度、好坏、性格特征等,
1040,香,香 ɕiaŋ⁵³,第十二部分,十二、性质状态,颜色、形状、程度、好坏、性格特征等,
1041,臭,臭 tsʰɤ³³,第十二部分,十二、性质状态,颜色、形状、程度、好坏、性格特征等,
1042,馊,馊 sɤ³³,第十二部分,十二、性质状态,颜色、形状、程度、好坏、性格特征等,
1043,腥,腥气 ɕiŋ³³ tɕʰi³³,第十二部分,十二、性质状态,颜色、形状、程度、好坏、性格特征等,
1044,好,好 ɦɔ³⁴,第十二部分,十二、性质状态,颜色、形状、程度、好坏、性格特征等,
1045,坏,坏 ɦa²²,第十二部分,十二、性质状态,颜色、形状、程度、好坏、性格特征等,
1046,差,差 tsʰa³³,第十二部分,十二、性质状态,颜色、形状、程度、好坏、性格特征等,
1047,对,对 te³³,第十二部分,十二、性质状态,颜色、形状、程度、好坏、性格特征等,
1048,错,错 tsʰo³³,第十二部分,十二、性质状态,颜色、形状、程度、好坏、性格特征等,
1049,漂亮,好看 ɦɔ³³ kʰɛ̃³¹,第十二部分,十二、性质状态,颜色、形状、程度、好坏、性格特征等,
1050,丑,难看 nɛ²² kʰɛ̃³³,第十二部分,十二、性质状态,颜色、形状、程度、好坏、性格特征等,
1051,勤快,勤快 dʑiŋ²² kʰua³³,第十二部分,十二、性质状态,颜色、形状、程度、好坏、性格特征等,
1052,懒,懒惰 ɦɛ̃²⁴ do³¹,第十二部分,十二、性质状态,颜色、形状、程度、好坏、性格特征等,
1053,乖,乖 ʋɛ̃³³,第十二部分,十二、性质状态,颜色、形状、程度、好坏、性格特征等,
1054,顽皮,皮 bi³¹,第十二部分,十二、性质状态,颜色、形状、程度、好坏、性格特征等,
1055,老实,老实 ɦɔ²⁴ zɛʔ²,第十二部分,十二、性质状态,颜色、形状、程度、好坏、性格特征等,
1056,傻,呆 ŋɛ²³¹,第十二部分,十二、性质状态,颜色、形状、程度、好坏、性格特征等,
1057,笨,笨 bəŋ²²,第十二部分,十二、性质状态,颜色、形状、程度、好坏、性格特征等,
1058,大方,派头大 pʰa³³ dɤ⁴⁴ do²²,第十二部分,十二、性质状态,颜色、形状、程度、好坏、性格特征等,
1059,小气,局大 dʑioʔ² do²²,第十二部分,十二、性质状态,颜色、形状、程度、好坏、性格特征等,
1060,直爽,爽快 sɔŋ³³ kʰua³¹,第十二部分,十二、性质状态,颜色、形状、程度、好坏、性格特征等,
1061,犟,犟 gɔ̃²²³,第十二部分,十二、性质状态,颜色、形状、程度、好坏、性格特征等,
1062,一,一 ieʔ⁵,第十三部分,十三、数量,数字、数量词、量词等,
1063,二,二 ɲi²²,第十三部分,十三、数量,数字、数量词、量词等,
1064,三,三 sɛ̃³³,第十三部分,十三、数量,数字、数量词、量词等,
1065,四,四 sɿ³³,第十三部分,十三、数量,数字、数量词、量词等,
1066,五,五 ŋ²²³,第十三部分,十三、数量,数字、数量词、量词等,
1067,六,六 loʔ²,第十三部分,十三、数量,数字、数量词、量词等,
1068,七,七 tsʰieʔ⁵,第十三部分,十三、数量,数字、数量词、量词等,
1069,八,八 pɛʔ⁵,第十三部分,十三、数量,数字、数量词、量词等,
1070,九,九 tɕiɤ³³⁴,第十三部分,十三、数量,数字、数量词、量词等,
1071,十,十 zɛʔ²,第十三部分,十三、数量,数字、数量词、量词等,
1072,二十,廿 ɲie²²,第十三部分,十三、数量,数字、数量词、量词等,
1073,三十,三十 sɛ̃³³ zɛʔ²,第十三部分,十三、数量,数字、数量词、量词等,
1074,一百,一百 ieʔ⁵ pɐʔ⁵,第十三部分,十三、数量,数字、数量词、量词等,
1075,一千,一千 ieʔ⁵ tɕʰie³³,第十三部分,十三、数量,数字、数量词、量词等,
1076,一万,一万 ieʔ⁵ ʋɛ̃²²,第十三部分,十三、数量,数字、数量词、量词等,
1077,一百零五,一百零五 ieʔ⁵ pɐʔ⁵ liŋ³³ ŋ²²³,第十三部分,十三、数量,数字、数量词、量词等,
1078,一百五十,一百五十 ieʔ⁵ pɐʔ⁵ ŋ²² zɛʔ²,第十三部分,十三、数量,数字、数量词、量词等,
1079,第一,第一 di²² ieʔ⁵,第十三部分,十三、数量,数字、数量词、量词等,
1080,两,两 ɦiaŋ²²,第十三部分,十三、数量,数字、数量词、量词等,
1081,几个,几个 tɕi³³ ɦoʔ⁵,第十三部分,十三、数量,数字、数量词、量词等,
1082,俩,两个 ɦiaŋ²² ɦoʔ⁵,第十三部分,十三、数量,数字、数量词、量词等,
1083,仨,三个 sɛ̃³³ ɦoʔ⁵,第十三部分,十三、数量,数字、数量词、量词等,
1084,个,个 ɦoʔ⁵,第十三部分,十三、数量,数字、数量词、量词等,
1085,匹,匹 pʰieʔ⁵,第十三部分,十三、数量,数字、数量词、量词等,
1086,头,头 dɤ³¹,第十三部分,十三、数量,数字、数量词、量词等,
1087,头,头 tsaʔ⁵,第十三部分,十三、数量,数字、数量词、量词等,
1088,只,只 tsaʔ⁵,第十三部分,十三、数量,数字、数量词、量词等,
1089,只,只 tsaʔ⁵,第十三部分,十三、数量,数字、数量词、量词等,
1090,只,只 tsaʔ⁵,第十三部分,十三、数量,数字、数量词、量词等,
1091,条,梗 kuaŋ³⁴,第十三部分,十三、数量,数字、数量词、量词等,
1092,条,支 tsɿ³³,第十三部分,十三、数量,数字、数量词、量词等,
1093,条,丈 dzaŋ²³¹,第十三部分,十三、数量,数字、数量词、量词等,
1094,张,顶 tiŋ³⁴,第十三部分,十三、数量,数字、数量词、量词等,
1095,张,床 zɔŋ²³¹,第十三部分,十三、数量,数字、数量词、量词等,
1096,床,张 tsaŋ⁵³,第十三部分,十三、数量,数字、数量词、量词等,
1097,领,双 sɔŋ³³,第十三部分,十三、数量,数字、数量词、量词等,
1098,双,把 po³³,第十三部分,十三、数量,数字、数量词、量词等,
1099,把,柱 dʑy²²,第十三部分,十三、数量,数字、数量词、量词等,
1100,根,梗 kuaŋ³⁴,第十三部分,十三、数量,数字、数量词、量词等,
1101,支,支 tsɿ³³,第十三部分,十三、数量,数字、数量词、量词等,
1102,副,副 fu³³,第十三部分,十三、数量,数字、数量词、量词等,
1103,面,面 mie²²,第十三部分,十三、数量,数字、数量词、量词等,
1104,块,块 kʰuɛ³³,第十三部分,十三、数量,数字、数量词、量词等,
1105,辆,部 bu²²,第十三部分,十三、数量,数字、数量词、量词等,
1106,座,幢 dzoŋ²³¹,第十三部分,十三、数量,数字、数量词、量词等,
1107,座,乘 dʑəŋ³¹,第十三部分,十三、数量,数字、数量词、量词等,
1108,座,埭 da³¹,第十三部分,十三、数量,数字、数量词、量词等,
1109,条,埭 da³¹,第十三部分,十三、数量,数字、数量词、量词等,
1110,条,埭 da³¹,第十三部分,十三、数量,数字、数量词、量词等,
1111,棵,株 tɕy⁵³,第十三部分,十三、数量,数字、数量词、量词等,
1112,朵,朵 to⁵³,第十三部分,十三、数量,数字、数量词、量词等,
1113,颗,颗 kʰo⁵³,第十三部分,十三、数量,数字、数量词、量词等,
1114,颗,颗 kʰo⁵³,第十三部分,十三、数量,数字、数量词、量词等,
1115,粒,餐 tsʰɛ̃³³,第十三部分,十三、数量,数字、数量词、量词等,
1116,剂,帖 tʰieʔ⁵,第十三部分,十三、数量,数字、数量词、量词等,
1117,股,股 ku³⁴,第十三部分,十三、数量,数字、数量词、量词等,
1118,行,排 ba³¹,第十三部分,十三、数量,数字、数量词、量词等,
1119,块,块 kʰuɛ³³,第十三部分,十三、数量,数字、数量词、量词等,
1120,角,角 koʔ⁵,第十三部分,十三、数量,数字、数量词、量词等,
1121,件,桩 tsoŋ³³,第十三部分,十三、数量,数字、数量词、量词等,
1122,点儿,索索 soʔ⁵ soʔ⁵,第十三部分,十三、数量,数字、数量词、量词等,
1123,些,索 soʔ⁵,第十三部分,十三、数量,数字、数量词、量词等,
1124,下,记 tɕi³³,第十三部分,十三、数量,数字、数量词、量词等,
1125,会儿,歇 ɕieʔ⁵,第十三部分,十三、数量,数字、数量词、量词等,
1126,顿,顿 tɔ̃³³,第十三部分,十三、数量,数字、数量词、量词等,
1127,阵,阵 dʑɛ̃²²³,第十三部分,十三、数量,数字、数量词、量词等,
1128,趟,埭 da²²,第十三部分,十三、数量,数字、数量词、量词等,
1129,我~姓王,我 ŋo²²³,第十四部分,十四、代副词连词,人称代词、指示代词、疑问词、副词连词等,
1130,你~,倷 noʔ²,第十四部分,十四、代副词连词,人称代词、指示代词、疑问词、副词连词等,
1131,您尊称,（无）,第十四部分,十四、代副词连词,人称代词、指示代词、疑问词、副词连词等,
1132,他~姓张,伊 ɦi²²³,第十四部分,十四、代副词连词,人称代词、指示代词、疑问词、副词连词等,
1133,我们不包括听话人,倷 na²²³,第十四部分,十四、代副词连词,人称代词、指示代词、疑问词、副词连词等,
1134,咱们包括听话人,（无）,第十四部分,十四、代副词连词,人称代词、指示代词、疑问词、副词连词等,
1135,你们,倷 na²²³,第十四部分,十四、代副词连词,人称代词、指示代词、疑问词、副词连词等,
1136,他们,伊拉 ɦia²² loʔ²,第十四部分,十四、代副词连词,人称代词、指示代词、疑问词、副词连词等,
1137,大家,大家 do²² ko³⁴,第十四部分,十四、代副词连词,人称代词、指示代词、疑问词、副词连词等,
1138,自己,自 zɿ²²,第十四部分,十四、代副词连词,人称代词、指示代词、疑问词、副词连词等,
1139,别人,别人家 bieʔ² ɲiŋ⁴⁴ ko³¹,第十四部分,十四、代副词连词,人称代词、指示代词、疑问词、副词连词等,
1146,谁,何谁 ɦa³³ ʑy²³¹,第十四部分,十四、代副词连词,人称代词、指示代词、疑问词、副词连词等,
1147,这里在~,亨头 ɦaŋ⁴⁴ dɤ³¹,第十四部分,十四、代副词连词,人称代词、指示代词、疑问词、副词连词等,
1148,那里在~,何里 a²² li³⁴,第十四部分,十四、代副词连词,人称代词、指示代词、疑问词、副词连词等,
1149,哪里,是个 zɛʔ² ɦa²²,第十四部分,十四、代副词连词,人称代词、指示代词、疑问词、副词连词等,
1150,那样,（无）,第十四部分,十四、代副词连词,人称代词、指示代词、疑问词、副词连词等,
1151,这样,奈介 nɐʔ² ga²²,第十四部分,十四、代副词连词,人称代词、指示代词、疑问词、副词连词等,
1152,怎样,介 ka³⁴,第十四部分,十四、代副词连词,人称代词、指示代词、疑问词、副词连词等,
1153,这么~高啊,奈个 nɐʔ² ɦoʔ⁵,第十四部分,十四、代副词连词,人称代词、指示代词、疑问词、副词连词等,
1154,怎么这个字~写,啥个 so³³ ɦoʔ⁵,第十四部分,十四、代副词连词,人称代词、指示代词、疑问词、副词连词等,
1155,什么,啥西 so³³ ɕi³³,第十四部分,十四、代副词连词,人称代词、指示代词、疑问词、副词连词等,
1156,为什么,为啥 ue²² so³³,第十四部分,十四、代副词连词,人称代词、指示代词、疑问词、副词连词等,
1157,干什么,做~啥西 nie²² so³³ ɕi³³,第十四部分,十四、代副词连词,人称代词、指示代词、疑问词、副词连词等,
1158,多少,多少 to³³ sɔ³³,第十四部分,十四、代副词连词,人称代词、指示代词、疑问词、副词连词等,
1159,很,蛮 mɛ̃³³,第十四部分,十四、代副词连词,人称代词、指示代词、疑问词、副词连词等,
1160,更,更加 tɕiŋ³³ ka³³,第十四部分,十四、代副词连词,人称代词、指示代词、疑问词、副词连词等,
1161,非常,绝对 dʑyø̃²² te³³,第十四部分,十四、代副词连词,人称代词、指示代词、疑问词、副词连词等,
1162,比,比 pi³⁴,第十四部分,十四、代副词连词,人称代词、指示代词、疑问词、副词连词等,
1163,太,忒 tʰɛʔ⁵,第十四部分,十四、代副词连词,人称代词、指示代词、疑问词、副词连词等,
1164,最,顶 tiŋ³⁴,第十四部分,十四、代副词连词,人称代词、指示代词、疑问词、副词连词等,
1165,都,都 tu³³,第十四部分,十四、代副词连词,人称代词、指示代词、疑问词、副词连词等,
1166,一共,一共 ieʔ⁵ goŋ²³¹,第十四部分,十四、代副词连词,人称代词、指示代词、疑问词、副词连词等,
1167,一起,一淘 ieʔ⁵ dɔ³¹,第十四部分,十四、代副词连词,人称代词、指示代词、疑问词、副词连词等,
1168,只,独独 doʔ² doʔ²,第十四部分,十四、代副词连词,人称代词、指示代词、疑问词、副词连词等,
1169,刚,刚刚 kɔ̃³³ kɔ̃⁴⁴,第十四部分,十四、代副词连词,人称代词、指示代词、疑问词、副词连词等,
1170,刚,新 ɕiŋ⁵³,第十四部分,十四、代副词连词,人称代词、指示代词、疑问词、副词连词等,
1171,才,则 kaŋ³³,第十四部分,十四、代副词连词,人称代词、指示代词、疑问词、副词连词等,
1172,就,勿就 ʋɛʔ² tɕiɤ³³,第十四部分,十四、代副词连词,人称代词、指示代词、疑问词、副词连词等,
1173,经常,只管 tsɛʔ⁵ kuɔ̃³⁴,第十四部分,十四、代副词连词,人称代词、指示代词、疑问词、副词连词等,
1174,又,意 i³³,第十四部分,十四、代副词连词,人称代词、指示代词、疑问词、副词连词等,
1175,还,还 ʋɛʔ²,第十四部分,十四、代副词连词,人称代词、指示代词、疑问词、副词连词等,
1176,再,再 tsɛ³³,第十四部分,十四、代副词连词,人称代词、指示代词、疑问词、副词连词等,
1177,也,也 ɦa²²³,第十四部分,十四、代副词连词,人称代词、指示代词、疑问词、副词连词等,
1178,反正,反正 fɛ̃³³ tsəŋ³¹,第十四部分,十四、代副词连词,人称代词、指示代词、疑问词、副词连词等,
1179,没有,无有 ɲi²² ɦiɤ³³,第十四部分,十四、代副词连词,人称代词、指示代词、疑问词、副词连词等,
1180,不用,勿 ʋɛʔ²,第十四部分,十四、代副词连词,人称代词、指示代词、疑问词、副词连词等,
1181,别,勿要 ʋɛʔ² ɦiɔ³³,第十四部分,十四、代副词连词,人称代词、指示代词、疑问词、副词连词等,
1182,甭,覅 fiɔ³³,第十四部分,十四、代副词连词,人称代词、指示代词、疑问词、副词连词等,
1183,快~天亮了,要 ɦiɔ³³,第十四部分,十四、代副词连词,人称代词、指示代词、疑问词、副词连词等,
1184,差点儿,一星星 ieʔ⁵ ɕiŋ³³ ɕiŋ³³,第十四部分,十四、代副词连词,人称代词、指示代词、疑问词、副词连词等,
1185,宁可,情愿 dʑiŋ²² ɲyø̃²²,第十四部分,十四、代副词连词,人称代词、指示代词、疑问词、副词连词等,
1186,故意,特为 dɛʔ² uɛ²²,第十四部分,十四、代副词连词,人称代词、指示代词、疑问词、副词连词等,
1187,随便,随便 dʑiɛ²² bie²²,第十四部分,十四、代副词连词,人称代词、指示代词、疑问词、副词连词等,
1188,白~跑一趟,白 bɐʔ²,第十四部分,十四、代副词连词,人称代词、指示代词、疑问词、副词连词等,
1189,肯定,锃板 kʰəŋ³³ pɛ̃³³,第十四部分,十四、代副词连词,人称代词、指示代词、疑问词、副词连词等,
1190,可能,呆板 ŋɛ²² pɛ̃³³,第十四部分,十四、代副词连词,人称代词、指示代词、疑问词、副词连词等,
1191,一边~走~说,则 tsɛʔ⁵,第十四部分,十四、代副词连词,人称代词、指示代词、疑问词、副词连词等,
1192,和,则 tsɛʔ⁵,第十四部分,十四、代副词连词,人称代词、指示代词、疑问词、副词连词等,
1193,和,则 tsɛʔ⁵,第十四部分,十四、代副词连词,人称代词、指示代词、疑问词、副词连词等,
1194,对,望 mɔŋ²²,第十四部分,十四、代副词连词,人称代词、指示代词、疑问词、副词连词等,
1195,往,问 mɛ̃²²,第十四部分,十四、代副词连词,人称代词、指示代词、疑问词、副词连词等,
1196,向,按照 ɛ̃³³ tsɔ³³,第十四部分,十四、代副词连词,人称代词、指示代词、疑问词、副词连词等,
1197,按,拨 pɛʔ⁵,第十四部分,十四、代副词连词,人称代词、指示代词、疑问词、副词连词等,
1198,替,是话 zɛ²² uo³¹,第十四部分,十四、代副词连词,人称代词、指示代词、疑问词、副词连词等,
1199,如果,倘有 tʰɔ̃⁴⁴ ɦiɤ³¹,第十四部分,十四、代副词连词,人称代词、指示代词、疑问词、副词连词等,
1200,不管,勿管 ʋɛʔ² kuɔ̃³³,第十四部分,十四、代副词连词,人称代词、指示代词、疑问词、副词连词等,
