编号,单字,音韵地位,老男音,青男音
0001,多,果开一平歌端,to534,to534
0002,拖,果开一平歌透,t'ho534文,t'ho534文
0003,大,果开一去歌定,do24,do24
0004,锣,果开一平歌来,lo213,lo213
0005,左,果开一上歌精,tso53,tso53
0006,歌,果开一平歌见,ko534,ko534
0007,个,果开一去歌见,ka334 / ko334,ko334
0008,可,果开一上歌溪,kho53,kho53
0009,鹅,果开一平歌疑,no213,no213
0010,饿,果开一去歌疑,no24,no24
0011,河,果开一平歌匣,o213,o213
0012,茄,果开三平戈群,dzia213,dzia213
0013,破,果合一去戈,p'ha334白 / p'ho334文,p'ha334白 / p'ho334文
0014,婆,果合一平戈並,bo213,bo213
0015,磨(动),果合一平戈明,mo213,mo213
0016,磨(名),果合一去戈明,mo24,mo24
0017,躲,果合一上戈端,to53,to53
0018,螺,果合一平戈来,lo213,lo213
0019,锁,果合一上戈心,so53,so53
0020,坐,果合一上戈从,ko53,ko53
0021,果,果合一上戈见,ko334,ko334
0022,过,果合一去戈见,ko334,ko334
0023,课,果合一去戈溪,kho334,kho334
0024,火,果合一上戈晓,ho53,ho53
0025,货,果合一去戈晓,ho334,ho334
0026,祸,果合一上戈匣,o24,o223
0027,靴,果合三平戈晓,ey53,eyap5
0028,把(量),假开二上麻帮,po334,po53
0029,爬,假开二平麻並,bo213,bo213
0030,马,假开二上麻明,mo22,mo223
0031,骂,假开二去麻明,mo24,mo24
0032,茶,假开二平麻澄,dzo213,dzo213
0033,沙,假开二平麻生,so534,so534
0034,假,假开二上麻见,ko53,ko53
0035,嫁,假开二去麻见,ko334白 / teia334文,ko334
0036,牙,假开二平麻疑,no213,no213
0037,虾,假开二平麻晓,ho534,ho534
0038,下,假开二上麻匣,o24,o223
0039,夏,假开二去麻匣,o24,o223
0040,哑,假开二上麻影,o53,o53
0041,姐,假开三上麻精,(无),(无)
0042,借,假开三去麻精,teia334,teia334
0043,写,假开三上麻心,cia53,cia53
0044,斜,假开三平麻邪,zia213,zia213
0045,谢,假开三去麻邪,zia24,zia24
0046,车,假开三平麻昌,tsho34,tsho34
0047,蛇,假开三平麻船,zo213,zo213
0048,射,假开三去麻船,zo24,zo223
0049,爷,假开三平麻以,ia213,ia213
0050,野,假开三上麻以,ia24,ia223
0051,夜,假开三去麻以,ia24,ia24
0052,瓜,假合二平麻见,kuo534,kuo534
0053,瓦(名),假合二上麻疑,no24,no223
0054,花,假合二平麻晓,fo534,fo534
0055,化,假合二去麻晓,fo534,fo334
0056,华,假合二平麻匣,uo213,uo213
0057,谱,遇合一上模帮,pu53,pu53
0058,布,遇合一去模帮,pu334,pu334
0059,辅,遇合一平模滂,ph534,ph534
0060,簿,遇合一上模並,bu24,bu24
0061,步,遇合一去模並,bu24,tu53
0062,赌,遇合一上模端,tu53,tu53
0063,土,遇合一上模透,thu53,thu53
0064,图,遇合一平模定,du213,du213
0065,杜,遇合一上模定,du24,du24
0066,奴,遇合一平模泥,nu213,nu213
0067,路,遇合一去模来,lu24,lu24
0068,租,遇合一平模精,tsu534,tsy534
0069,做,遇合一去模精,tso334,tso334
0070,错,遇合一去模清,tsho334,tsho334
0071,箍,遇合一平模见,khu534,ku334
0072,古,遇合一上模见,ku53,ku53
0073,苦,遇合一上模溪,khu53,khu53
0074,裤,遇合一去模溪,khu334,khu334
0075,吴,遇合一平模疑,u213,u213
0076,五,遇合一上模疑,u22,u24
0077,虎,遇合一上模晓,fu53,fu53
0078,壶,遇合一平模匣,u213,u213
0079,户,遇合一上模匣,u24,u24
0080,乌,遇合一平模影,u534,u534
0081,女,遇合三上鱼泥,ny22,ny24
0082,吕,遇合三上鱼来,li22,li213
0083,徐,遇合三平鱼邪,dzi213,dzi213
0084,猪,遇合三平鱼知,tsy53,tsy534
0085,除,遇合三平鱼澄,dzj213,dzj213
0086,初,遇合三平鱼初,tshu534,tshu534
0087,锄,遇合三平鱼崇,z1²13名 / dzj213动,dzj213
0088,所,遇合三上鱼生,so53,so53
0089,书,遇合三平鱼书,s1 534,s1 534
0090,鼠,遇合三上鱼书,tsh53,tsh53
0091,如,遇合三平鱼日,z213,lu213
0092,举,遇合三上鱼见,tey53,tey53
0093,锯(名),遇合三去鱼见,ka53,ka53
0094,去,遇合三去鱼溪,tehy334文,tehi334
0095,渠,遇合三平鱼群,dzy213,dzy213
0096,鱼,遇合三平鱼疑,q213,q213
0097,许,遇合三上鱼晓,ey53,ey53
0098,余,遇合三平鱼以,y213,y213
0099,府,遇合三上虞非,fu334,fu53
0100,付,遇合三去虞非,fu334,fu334
0101,父,遇合三上虞奉,u24,fu53
0102,武,遇合三上虞微,u24,u223
0103,雾,遇合三去虞微,u24,u223
0104,取,遇合三上虞清,tsh53,tchy53
0105,柱,遇合三上虞澄,dz124,dz124
0106,住,遇合三去虞澄,dz124,dz124
0107,数(动),遇合三上虞生,su53,su334
0108,数(名),遇合三去虞生,su334,su334
0109,主,遇合三上虞章,ts13,ts153
0110,输,遇合三平虞书,s134,s134
0111,竖,遇合三上虞禅,z122,z124
0112,树,遇合三去虞禅,z124,z124
0113,句,遇合三去虞见,tey334,tey334
0114,区,遇合三平虞溪,tehy534,tehy534
0115,遇,遇合三去虞疑,y24,y24
0116,雨,遇合三上虞云,y24,y24
0117,芋,遇合三去虞云,y24,y24
0118,裕,遇合三去虞以,y24,y24
0119,胎,蟹开一平哈透,tE534,tE534
0120,台,蟹开一平哈定,dE213,dE213
0121,袋,蟹开一去哈定,dE24,dE24
0122,来,蟹开一平哈来,le213,le213
0123,菜,蟹开一去哈清,tsHE334,tsHE334
0124,财,蟹开一平哈从,dze213,dze213
0125,该,蟹开一平哈见,kE534,kE534
0126,改,蟹开一上哈见,kE53,kE53
0127,开,蟹开一平哈溪,kHE534,kHE534
0128,海,蟹开一上哈晓,he53,he53
0129,爱,蟹开一去哈影,E334,E334
0130,贝,蟹开一去泰帮,pE534,pE334
0131,带(动),蟹开一去泰端,ta334,ta334
0132,盖(动),蟹开一去泰见,kE334,kE334
0133,害,蟹开一去泰匣,E24,E24
0134,拜,蟹开二去皆帮,pa334 / po334文 / pa334白,po334文 / pa334白
0135,排,蟹开二平皆並,ba213,ba213
0136,埋,蟹开二平皆明,ma213,ma213
0137,戒,蟹开二去皆见,ka334,ka334
0138,摆,蟹开二上佳帮,pa53,pa53
0139,派,蟹开二去佳滂,pba334,pba334
0140,牌,蟹开二平佳並,ba213,ba213
0141,买,蟹开二上佳明,ma22,ma223
0142,卖,蟹开二去佳明,ma24,ma223
0143,柴,蟹开二平佳崇,za213,za213
0144,晒,蟹开二去佳生,sa334,sa334
0145,街,蟹开二平佳见,ka534,ka534
0146,解,蟹开二上佳见,ka53,ka53
0147,鞋,蟹开二平佳匣,a213,a213
0148,蟹,蟹开二上佳匣,ha53,ha53
0149,矮,蟹开二上佳影,a53,a53
0150,败,蟹开二去夫並,ba24,ba223
0151,币,蟹开三去祭並,bi213,bi24
0152,制,蟹开三去祭章,tsj334,tsj334
0153,世,蟹开三去祭书,s134,s134
0154,艺,蟹开三去祭疑,mi24,mi24
0155,米,蟹开四上齐明,mi22,m123
0156,低,蟹开四平齐端,t534 / tE534白,tE534白
0157,梯,蟹开四平齐透,tE534文,tE534文
0158,剃,蟹开四去齐透,tE334,tE334
0159,弟,蟹开四上齐定,di24,di24
0160,递,蟹开四去齐定,di24,di24
0161,泥,蟹开四平齐泥,n213,n213
0162,犁,蟹开四平齐来,li213,li213
0163,西,蟹开四平齐心,ei534,ei534
0164,洗,蟹开四上齐心,ei53,ei53
0165,鸡,蟹开四平齐见,tei534,tei534
0166,溪,蟹开四平齐溪,teh1534,teh534
0167,契,蟹开四去齐溪,tehiiep多 / teh1334少,teh1334少
0168,系,蟹开四去齐匣,gei334,gei334
0169,杯,蟹合一平灰帮,pe534,pe534
0170,配,蟹合一去灰滂,pHE334,pHE334
0171,赔,蟹合一平灰並,be213,be213
0172,背,蟹合一去灰並,be24,be24
0173,煤,蟹合一平灰明,me213,me213
0174,妹,蟹合一去灰明,me22,me24
0175,对,蟹合一去灰端,te334,te334
0176,雷,蟹合一平灰来,le213,le213
0177,罪,蟹合一上灰从,dze24文 / zE24白,dze223文
0178,碎,蟹合一去灰心,SE334,SE334
0179,灰,蟹合一平灰晓,huE534,fE534
0180,回,蟹合一平灰匣,ue213,ue213
0181,外,蟹合一去泰疑,na24,na24
0182,会,蟹合一去泰匣,ue24,ue24
0183,怪,蟹合二去皆见,kua334,kua334
0184,块,蟹合一去皆溪,khuE334,khuE334
0185,怀,蟹合二平皆匣,ua213,ua213
0186,坏,蟹合二去皆匣,ua24,ua24
0187,拐,蟹合二上佳见,kua53,kua53
0188,挂,蟹合二去佳见,kuo334,kuo334
0189,歪,蟹合二平佳晓,ua534,ua534
0190,画,蟹合二去佳匣,uo24,uo24
0191,快,蟹合二去夫溪,khua334,khua334
0192,话,蟹合二去夫匣,uo24,uo24
0193,岁,蟹合三去祭心,SE334,SE334
0194,卫,蟹合三去祭云,ue24,ue24
0195,肺,蟹合三去废敷,f334,f334
0196,桂,蟹合四去齐见,kue334,kue334
0197,碑,止开三平支帮,PE534,PE534
0198,皮,止开三平支並,bi213,bi213
0199,被,止开三上支並,bi22,bi24
0200,紫,止开三上支精,tsj53,tsj53
0201,刺,止开三去支清,tsh334,tsh334
0202,知,止开三平支知,tsj534,tsj534
0203,池,止开三平支澄,dzj213,dzj213
0204,纸,止开三上支章,tsi53,tsi53
0205,儿,止开三平支日,n213白 / ol213文,ol213文 / n213白
0206,寄,止开三去支见,tei334,tei334
0207,骑,止开三平支群,dzi213,dzi213
0208,蚁,止开三上支疑,ni213,ni223
0209,义,止开三去支疑,ni24,ni24
0210,戏,止开三去支晓,Gj334,Gj334
0211,移,止开三平支以,i213,i213
0212,比,止开三上脂帮,pi53,pi53
0213,屁,止开三去脂,pbi334,pbi334
0214,鼻,止开三去脂並,be2,bio2
0215,眉,止开三平脂明,mi213白 / mE213文,mi213白
0216,地,止开三去脂定,di24,di24
0217,梨,止开三平脂来,l213,l213
0218,资,止开三平脂精,tsi534,tsi534
0219,死,止开三上脂心,s153,s153
0220,四,止开三去脂心,s134,s134
0221,迟,止开三平脂澄,dzj213,dzj213
0222,师,止开三平脂生,s534,s53
0223,指,止开三上脂章,tsi334,tsi53
0224,二,止开三去脂日,n24,n24
0225,饥,止开三平脂见,teli534,teli534
0226,器,止开三去脂溪,tghi334,tghi534
0227,姨,止开三平脂以,i213,i213
0228,李,止开三上之来,li24,li24
0229,子,止开三上之精,tsi53,tsi53
0230,字,止开三去之从,z124,z124
0231,丝,止开三平之心,s1534,s1534
0232,祠,止开三平之邪,z213,z213
0233,寺,止开三去之邪,z124,s1334
0234,治,止开三去之澄,dz124,dz124
0235,柿,止开三上之崇,z124,z124
0236,事,止开三去之崇,z124,z124
0237,使,止开三上之生,s153,s153
0238,试,止开三去之书,s1334,s1334
0239,时,止开三平之禅,z213,z213
0240,市,止开三上之禅,z124,z124
0241,耳,止开三上之日,n124白 / al24文,n124白 / al223文
0242,记,止开三去之见,tei334,tei334
0243,棋,止开三平之群,dz213,dz213
0244,喜,止开三上之晓,e153,i53
0245,意,止开三去之影,i334,i334
0246,几,止开三上微见,tei334,tei53
0247,气,止开三去微溪,tei334 / tgh:334,tei334 / tgh:334
0248,希,止开三平微晓,el534,el534
0249,衣,止开三平微影,i534,i534
0250,嘴,止合三上支精,tsi53,tsi53
0251,随,止合三平支邪,ZE213,ZE213
0252,吹,止合三平支昌,tsh534,tsh534
0253,垂,止合三平支禅,dzE213文 / z213白,dzE213文 / dz213白
0254,规,止合三平支见,kue534,kue534
0255,亏,止合三平支溪,khuE534,khuE534
0256,跪,止合三上支群,dzy24,dzy223
0257,危,止合三平支疑,uE213,uE53
0258,类,止合三去脂来,le24,le24
0259,醉,止合三去脂精,tSE334,tSE334
0260,追,止合三平脂知,tSE534,tSE534
0261,锤,止合三平脂澄,dze213,dze213
0262,水,止合三上脂书,sE53,s153白
0263,龟,止合三平脂见,kue53文 / tey53白,tey534
0264,季,止合三去脂见,tei334,tei334
0265,柜,止合三去脂群,guz24文 / dzy24白,kue334
0266,位,止合三去脂云,ue24,ue223
0267,飞,止合三平微非,f534,f534
0268,费,止合三去微敷,f334,f334
0269,肥,止合三平微奉,bi213白 / vi213,vi213
0270,尾,止合三上微微,mi²白 / vi24文,mi²白 / vi24文
0271,味,止合三去微微,bi24 / vi24,bi²白 / vi24文
0272,鬼,止合三上微见,tcy53白 / kue53文,tcy53白 / kue53文
0273,贵,止合三去微见,tcy334白 / kue334文,tcy334
0274,围,止合三平微云,y²13白 / uE213文,y²13白 / uE213文
0275,胃,止合三去微云,uE24,uE24
0276,宝,效开一上豪帮,po53,po53
0277,抱,效开一上豪並,bo22,bo22
0278,毛,效开一平豪明,mo213,mo213
0279,帽,效开一去豪明,mo24,mo24
0280,刀,效开一平豪端,to534,to534
0281,讨,效开一上豪透,tho53,tho53
0282,桃,效开一平豪定,do213,do213
0283,道,效开一上豪定,do22,do22
0284,脑,效开一上豪泥,no22,no22
0285,老,效开一上豪来,lo22,lo22
0286,早,效开一上豪精,tso53,tso53
0287,灶,效开一去豪精,tso334,tso334
0288,草,效开一上豪清,tsho53,tsho53
0289,糙,效开一去豪清,tsh334,tsh534
0290,造,效开一上豪从,zo22,zo22
0291,嫂,效开一上豪心,so53,so53
0292,高,效开一平豪见,ko534,ko534
0293,靠,效开一去豪溪,kho334,kho334
0294,熬,效开一平豪疑,ŋo213,ŋo213
0295,好,效开一上豪晓,ho53,ho53
0296,号(名),效开一去豪匣,o24,o24
0297,包,效开二平肴帮,po534,po534
0298,饱,效开二上肴帮,po53,po53
0299,炮,效开二去肴滂,pho334,pho334
0300,猫,效开二平肴明,mo213,mo213
0301,闹,效开二去肴泥,no24,no24
0302,罩,效开二去肴知,tso334,tso334
0303,抓,效开二平肴庄,tsa534,tsa534
0304,找,效开二上肴庄,ts053又,ts053
0305,抄,效开二平肴初,tsh534,tsh534
0306,交,效开二平看见,tai534文 / ko534白,teio53文 / ko534白
0307,敲,效开二平肴溪,kho534,kho534
0308,孝,效开二去看晓,ciao334,ci034
0309,校(学~),效开二去看匣,ɦio24,ɦio24
0310,表,效开三上宵帮,pio53,pio53
0311,票,效开三去宵滂,pho334,pho334
0312,庙,效开三去宵明,mio24,mio24
0313,焦,效开三平宵精,tei534,tei534
0314,小,效开三上宵心,eio53,eio53
0315,笑,效开三去宵心,eio334,eio334
0316,朝,效开三平宵澄,dzo213,dz0213
0317,照,效开三去宵章,tso334,tso334
0318,烧,效开三平宵书,so534,so534
0319,绕,效开三去宵日,nio24,nio24
0320,桥,效开三平宵群,dzio213,dzio213
0321,轿,效开三去宵群,dzio24,dzio24
0322,腰,效开三平宵影,io534,io534
0323,要(重~),效开三去宵影,io334,io334
0324,摇,效开三平宵以,io213,i213
0325,鸟,效开四上萧端,tio53白,tio53
0326,钓,效开四去萧端,tio334,tio334
0327,条,效开四平萧定,di213,dia213
0328,料,效开四去萧来,lio24,lio24
0329,箫,效开四平萧心,eio534,eio534
0330,叫,效开四去萧见,tio334,tio334
0331,母,流开一上侯明,m213,m223
0332,抖,流开一上侯端,ty53,ty53
0333,偷,流开一平侯透,thy534,thy534
0334,头,流开一平侯定,dy213,dy213
0335,豆,流开一去侯定,dy24,dy24
0336,楼,流开一平侯来,ly213,ly213
0337,走,流开一上侯精,teiy53,teiy53
0338,凑,流开一去侯清,tehiy334,tehiy334
0339,钩,流开一平侯见,ky534,ky534
0340,狗,流开一上侯见,ky53,ky53
0341,够,流开一去侯见,ky334,ky334
0342,口,流开一上侯溪,khy53,khy53
0343,藕,流开一上侯疑,no24,no24
0344,后,流开一上侯匣,y24,y24
0345,厚,流开一上侯匣,gy22,gY24
0346,富,流开三去尤非,fu334,fu334
0347,副,流开三去尤敷,fu334,fu334
0348,浮,流开三平尤奉,u213,u213
0349,妇,流开三上尤奉,u24,u223
0350,流,流开三平尤来,liy213,liy213
0351,酒,流开三上尤精,teiy53,teiy53
0352,修,流开三平尤心,eiy534,eiy534
0353,袖,流开三去尤邪,zizy24,zizy24
0354,抽,流开三平尤彻,tchiy534,tchiy534
0355,绸,流开三平尤澄,dziy213,dziy213
0356,愁,流开三平尤崇,dziy213,dziy213
0357,瘦,流开三去尤生,eiy334,eiy334
0358,州,流开三平尤章,teiy534,teiy534
0359,臭,流开三去尤昌,tchiy334,tchiy334
0360,手,流开三上尤书,eiy53,eiy53
0361,寿,流开三去尤禅,ziy24,ziv24
0362,九,流开三上尤见,teiy53,teiy53
0363,球,流开三平尤群,dziy213,dziy213
0364,舅,流开三上尤群,dziy24,dziy24
0365,旧,流开三去尤群,dziy24,dziy24
0366,牛,流开三平尤疑,niiy213,niiy213
0367,休,流开三平尤晓,eiy534,eiy534
0368,优,流开三平尤影,iy534,iy534
0369,有,流开三上尤云,iy22,iy24
0370,右,流开三去尤云,iy24,iy24
0371,油,流开三平尤以,iy213,iy213
0372,丢,流开三平幽端,ty534,ty534
0373,幼,流开三去幽影,iy334,iy334
0374,贪,咸开一平覃透,tb~c534,tdce534
0375,潭,咸开一平覃定,dce213白,dce213
0376,南,咸开一平覃泥,noe213,noe213
0377,蚕,咸开一平覃从,zoce213,zoce213
0378,感,咸开一上覃见,koe53,koe53
0379,含,咸开一平覃匣,oe213,oe213
0380,暗,咸开一去覃影,oe334,oe334
0381,搭,咸开一人合端,taʔ5,taʔ5
0382,踏,咸开一人合透,daʔ2,daʔ2
0383,拉,咸开一人合来,la534,la534
0384,杂,咸开一人合从,zaʔ2,zaʔ2
0385,鸽,咸开一人合见,kaʔ5,kaʔ5
0386,盒,咸开一人合匣,ɦaʔ2,ɦaʔ2
0387,胆,咸开一上谈端,ta53,ta53
0388,毯,咸开一上谈透,tha53,tha53
0389,淡,咸开一上谈定,da22,da22
0390,蓝,咸开一平谈来,la213,la213
0391,三,咸开一平谈心,sa534,sa534
0392,甘,咸开一平谈见,ka534,ka534
0393,敢,咸开一上谈见,ka53,ka53
0394,喊,咸开一上谈晓,he334,he334
0395,塔,咸开一人盖透,tʔ5,tʔ5
0396,蜡,咸开一人盖来,leʔ2,leʔ2
0397,赚,咸开二去咸澄,dz24,dz24
0398,杉,咸开二平咸生,sa534,sa534
0399,减,咸开二上咸见,ka53,ka53
0400,咸,咸开二平咸匣,ɦa213,ɦa213
0401,插,咸开二人治初,tsheʔ5,tsheʔ5
0402,闸,咸开二人治崇,zaʔ2,zaʔ2
0403,夹,咸开二人治见,kaʔ5,kaʔ5
0404,衫,咸开二平衔生,sa534,sa534
0405,监,咸开二平衔见,kE334,kE534
0406,岩,咸开二平衔疑,ne213,ne213
0407,甲,咸开二人狎见,kaʔ5,kaʔ5
0408,鸭,咸开二人押影,aʔ5,aʔ5
0409,黏,咸开三平盐泥,nie534,nie534
0410,尖,咸开三平盐精,taié534,taié534
0411,签,咸开三平盐清,tchie534,tchie534
0412,占,咸开三去盐章,tsαe534,tsαe334
0413,染,咸开三上盐日,zoe22,zoe223文
0414,钳,咸开三平盐群,dzie213,dzie213
0415,验,咸开三去盐疑,nie24,nie24
0416,险,咸开三上盐晓,Gle53,Gle53
0417,厌,咸开三去盐影,nie24,nie24
0418,炎,咸开三平盐云,ie213,ie213
0419,盐,咸开三平盐以,ie213,ie213
0420,接,咸开三人叶精,taieʔ5,taieʔ5
0421,折,山开三人薛章,tsap5,tsap5
0422,叶(树~),咸开三人叶以,ie2,ie2
0423,剑,咸开三去严见,taié334,taié334
0424,欠,咸开三去严溪,tghie334,nie213白 / ie213文
0425,严,咸开三平严疑,nie213,nie213
0426,业,咸开三人业疑,nieʔ2,niaʔ2
0427,点,咸开四上添端,tie334,tié53
0428,店,咸开四去添端,tie334,tie334
0429,添,咸开四平添透,thie534,t'ie534
0430,甜,咸开四平添定,die213,die213
0431,念,咸开四去添泥,nie24,nie24
0432,嫌,咸开四平添匣,ie334,ie213
0433,跌,咸开四人帖端,tieʔ,tiaʔ
0434,贴,咸开四人帖透,t'ieʔ,t'iaʔ
0435,碟,咸开四人帖定,dieʔ,diaʔ
0436,协,咸开四人帖匣,iaʔ,iaʔ
0437,犯,咸合三上凡奉,ue22,vE223
0438,法,咸合三人乏非,feʔ,faʔ
0439,品,深开三上侵滂,p'hin53,p'hin53
0440,林,深开三平侵来,lin213,lin213
0441,浸,深开三去侵精,tein334,tein334
0442,心,深开三平侵心,ein534,ein534
0443,寻,深开三平侵邪,zin213,zin213
0444,沉,深开三平侵澄,dzen213,dzan213
0445,参(人~),咸开一平侵生,sen53,sang34
0446,针,深开三平侵章,tseng534,tsang534
0447,深,深开三平侵书,sen534,sang534
0448,任(贵~),深开三去侵日,zeng24,zang24
0449,金,深开三平侵见,teing534,teing534
0450,琴,深开三平侵群,dzin213,dzin213
0451,音,深开三平侵影,ing534,ing534
0452,立,深开三人缉来,liep2,liai2
0453,集,深开三人缉从,dziep2,dziap2
0454,习,深开三人缉邪,dziep2,zior文 / dziaʔ白
0455,汁,深开三人缉章,tsap5,tsap5
0456,十,深开三人缉禅,zap2,zap2
0457,入,深开三人缉日,zap2,zap2
0458,急,深开三人缉见,tciep5,tciap5
0459,及,深开三人缉群,dziep2,dziap2
0460,吸,深开三人缉晓,eiep5,ciap5
0461,单(简~),山开一平寒端,t~534,t~534
0462,炭,山开一去寒透,th~334,t~h~334
0463,弹(~琴),山开一平寒定,d~213,d~213
0464,难(~易),山开一平寒泥,n~213,n~213
0465,兰,山开一平寒来,l~213,l~213
0466,懒,山开一上寒来,l~22,l~223
0467,烂,山开一去寒来,l~24,l~24
0468,伞,山开一上寒心,s~53,s~53
0469,肝,山开一平寒见,k~o~534,k~o~534
0470,看(看见),山开一去寒溪,,
0471,岸,山开一去寒疑,,
0472,汉,山开一去寒晓,ho~334,
0473,汗,山开一去寒匣,,
0474,安,山开一平寒影,,
0475,达,山开一人易定,,
0476,辣,山开一人易来,,
0477,擦,山开一人易清,,
0478,割,山开一人易见,,
0479,渴,山开一人易溪,,
0480,扮,山开二去山帮,,
0481,办,山开二去山並,bε24,bε24
0482,铲,山开二上山初,tsh53,tsh53
0483,山,山开二平山生,sE534,sE534
0484,产(产妇),山开二上山生,tsh53,tsh53
0485,间(房间),山开二平山见,kE534,kE534
0486,眼,山开二上山疑,,
0487,限,山开二上山匣,,
0488,八,山开二人點帮,,
0489,杀,山开二人點生,,
0490,班,山开二平删帮,,
0491,板,山开二上删帮,,
0492,慢,山开二去删明,,
0493,奸,山开二平删见,,
0494,颜,山开二平删疑,,
0495,瞎,山开二人錯晓,,
0496,变,山开三去仙帮,pié334,pié334
0497,骗(欺骗),山开三去仙滂,phie334,phie334
0498,便(方便),山开三去仙並,bié24,bié24
0499,棉,山开三平仙明,mie213,mie213
0500,面(面孔),山开三去仙明,mie24,mie24
0501,连,山开三平仙来,lie213,lie213
0502,剪,山开三上仙精,taié53,taié334
0503,浅,山开三上仙清,tehie53,tehi53
0504,钱,山开三平仙从,dzie213,dzie213
0505,鲜,山开三平仙心,gie534,gie534
0506,线,山开三去仙心,gie334,gie334
0507,缠,山开三平仙澄,dzoe24,dzoe213
0508,战,山开三去仙章,tsoe334,tsoe334
0509,扇(名词),山开三去仙书,soe334,soe334
0510,善,山开三上仙禅,zoe22,zoe223
0511,件,山开三上仙群,dzie24,dzie24
0512,延,山开三平仙以,ie213,ie213
0513,别(别人),山开三人薛帮,bo²,ba²
0514,灭,山开三人薛明,mie²,mia²
0515,列,山开三人薛来,lie²,lia²
0516,撤,山开三人薛彻,tsha²p5,tsha²p5
0517,舌,山开三人薛船,za²,za²
0518,设,山开三人薛书,sa²,na²
0519,热,山开三人薛日,nie²,
0520,杰,山开三人薛群,dzieʔ,nlaip2
0521,孽,山开三人薛疑,niep2,
0522,建,山开三去元见,tai~334,tci~334
0523,健,山开三去元群,dzi~24,dzi~24
0524,言,山开三平元疑,ie213,ie213
0525,歇,山开三人月晓,ciep5,ciep5
0526,扁,山开四上先帮,pie53,pie53
0527,片,山开四去先滂,phie34,phie34
0528,面(面条),山开四去先明,mie24,mi~24
0529,典,山开四上先端,tie53,ti~53
0530,天,山开四平先透,thie534,t~i~534
0531,田,山开四平先定,die213,di~213
0532,垫,山开四去先定,die24,di~24
0533,年,山开四平先泥,nie213,ni~213
0534,莲,山开四平先来,lie213,lie~213
0535,前,山开四平先从,zie213多 / dzie~213少,dzie~213
0536,先,山开四平先心,cie~534,cie~534
0537,肩,山开四平先见,tai~534,tai~534
0538,见,山开四去先见,tai~334,tai~334
0539,牵,山开四平先溪,tchie534,tchie534
0540,显,山开四上先晓,gie53,gie~53
0541,现,山开四去先匣,ie~24,ie~24
0542,烟,山开四平先影,ie~534,ie~534
0543,憋,山开四人屑滂,pieʔ5,piaʔ
0544,篾,山开四人屑明,mieʔ,miaʔ
0545,铁,山开四人屑透,thieʔ,t'haʔ
0546,捏,山开四人屑泥,niaʔ,nlaʔ
0547,节,山开四人屑精,tcierʔ,tciaʔ
0548,切(动),山开四人屑清,tchierʔ,tchioʔ
0549,截,山开四人屑从,dzieʔ,dziaʔ
0550,结,山开四人屑见,tcierʔ,
0551,搬,山合一平桓帮,pae534,pae534
0552,半,山合一去桓帮,pae334,pae334
0553,判,山合一去桓滂,phoe334,phe334
0554,盘,山合一平桓並,bce213,bce213
0555,满,山合一上桓明,moe22,moe223
0556,端(端午),山合一平桓端,ton534,ton534
0557,短,山合一上桓端,toc53,toc53
0558,断(绳断了),山合一上桓定,dace22,dace223
0559,暖,山合一上桓泥,nene24白 / nce24文,nane24白 / nne24文
0560,乱,山合一去桓来,lce24,lce24
0561,酸,山合一平桓心,soc534,soc534
0562,算,山合一去桓心,soc334,soc334
0563,官,山合一平桓见,kuoes34,kue54
0564,宽,山合一平桓溪,khuee534,kuhue534
0565,欢,山合一平桓晓,huoe534,fec534
0566,完,山合一平桓匣,uoe213,uoe213
0567,换,山合一去桓匣,uoe24,uoe24
0568,碗,山合一上桓影,uoe53,uoe53
0569,拨,山合一入末帮,paʔ,paʔ
0570,泼,山合一入末滂,phaʔ,phaʔ
0571,末,山合一入末明,maʔ,maʔ
0572,脱,山合一入末透,tʔaʔ,tʔaʔ
0573,夺,山合一入末定,daʔ,daʔ
0574,阔,山合一入末溪,khuaʔ,kʔuaʔ
0575,活,山合一入末匣,ueʔ,uaʔ
0576,顽(顽皮),山合二平山疑,ueʔ,uʔ213
0577,滑,山合二人黯匣,uaʔ,uaʔ
0578,挖,山合二人黯影,uaʔ,uaʔ
0579,闩,山合二平删生,sae534,sae534
0580,关(关门),山合二平删见,kue534,kue534
0581,惯,山合二去删见,kue334,kue334
0582,还(动词),山合二平删匣,ue213,ue213
0583,还(副词),山合二平删匣,ue213,ue213
0584,弯,山合二平删影,,
0585,刷,山合二人辖生,,
0586,刮,山合二人辖见,,
0587,全,山合三平仙从,,
0588,选,山合三上仙心,,
0589,转(转眼),山合三上仙知,tsae53,tsae53
0590,传(传下来),山合三平仙澄,dzoe213,dzoe213
0591,传(传记),山合三去仙澄,tsoe334,tsoe334
0592,砖,山合三平仙章,tsoe534,tsoe534
0593,船,山合三平仙船,zoe213,zoe213
0594,软,山合三上仙日,n0e24白 / nyoe22文,nye223文
0595,卷(卷起),山合三上仙见,teye53,teye53
0596,圈(圆圈),山合三平仙溪,tchye534,tchye534
0597,权,山合三平仙群,dzyoe213,dzye213
0598,圆,山合三平仙云,yoe213,y213
0599,院,山合三去仙云,yoe24,yoe24
0600,铅(铅笔),山合三平仙以,kh53,khe534
0601,绝,山合三人薛从,dziep2,dziap2
0602,雪,山合三人薛心,eiep5,ciao5
0603,反,山合三上元非,fes3,fes3
0604,翻,山合三平元敷,fe534,fe534
0605,饭,山合三去元奉,ue24,ue24 / mo24白 / m223白
0606,晚,山合三上元微,ue24文,ue223文
0607,万(麻将牌),山合三去元微,ue24,ue223
0608,劝,山合三去元溪,tchyoe334,neye213白
0609,原,山合三平元疑,neye213,yee13文
0610,冤,山合三平元影,yo534,ye534
0611,园,山合三平元云,ye213,ye213
0612,远,山合三上元云,ye22,ye22
0613,发(头发),山合三人月非,feP5,faP5
0614,罚,山合三人月奉,uep2,vaP2
0615,袜,山合三人月微,meP2,maP2
0616,月,山合三人月疑,nyoP白 / yoP2文,nyoP2
0617,越,山合三人月云,yoP2,yoP2
0618,县,山合四去先匣,yoe24,yoe24
0619,决,山合四人屑见,teyoP5,teyoP5
0620,缺,山合四人屑溪,tehyoP5,tehyoP5
0621,血,山合四人屑晓,eyoP5,eyoP5
0622,吞,臻开一平痕透,teng534,t'ang534
0623,根,臻开一平痕见,ken534,kan534
0624,恨,臻开一去痕匣,en24,an24
0625,恩,臻开一平痕影,in534白 / en534文,an534
0626,贫,臻开三平真並,bin213,bin213
0627,民,臻开三平真明,min213,ming213
0628,邻,臻开三平真来,lin213,lin213
0629,进,臻开三去真精,teing34,teing334
0630,亲(亲人),臻开三平真清,teh ing34,tehing534
0631,新,臻开三平真心,ein34,ein534
0632,镇,臻开三去真知,tseng334,tseng334
0633,陈,臻开三平真澄,dzen213,dzan213
0634,震,臻开三去真章,tsen334,tsan334
0635,神,臻开三平真船,zen213,zang213
0636,身,臻开三平真书,sen534,san534
0637,辰,臻开三平真禅,zen213,dzan213
0638,人,臻开三平真日,nin213白 / zen213文,nin213白 / zang213文
0639,认,臻开三去真日,nin214白 / zen24文,nin214白 / zang24文
0640,紧,臻开三上真见,tein53,tin53
0641,银,臻开三平真疑,nin213,nin213白 / in213文
0642,印,臻开三去真影,in334,in334
0643,引,臻开三上真以,in24,in223
0644,笔,臻开三人质帮,piep5,piaps
0645,匹,臻开三人质滂,phieps,phias
0646,密,臻开三人质明,mieps,miaps
0647,栗,臻开三人质来,lieps,l iaps
0648,七,臻开三人质清,tcheips,tchias
0649,侄,臻开三人质澄,dzaps,dsaas
0650,虱,臻开三人质生,saos,saoas
0651,实,臻开三人质船,zaoas,zaps
0652,失,臻开三人质书,saos,naos白 / naop白
0653,日,臻开三人质日,zao2文,zao2文
0654,吉,臻开三人质见,tciep5,tciop5
0655,一,臻开三人质影,ieʔ,iaps
0656,筋,臻开三平殷见,teing534,teing534
0657,劲(有~),臻开三去殷见,dzin24,dzin24
0658,勤,臻开三平殷群,dzin213,dzin213
0659,近,臻开三上殷群,dzin22,dzin24
0660,隐,臻开三上殷影,in53,in53
0661,本,臻合一上魂帮,pen53,pan53
0662,盆,臻合一平魂並,ben213,bang213
0663,门,臻合一平魂明,men213,man213
0664,墩,臻合一平魂端,ten534,tan534
0665,嫩,臻合一去魂泥,nen24,nan24
0666,村,臻合一平魂清,tshen534,tshen534
0667,寸,臻合一去魂清,tshen334,tshen334
0668,蹲,臻合一平魂从,ten534,ten534
0669,孙(孙子),臻合一平魂心,sen34,seng534
0670,滚,臻合一上魂见,kuang53,kuang53
0671,困,臻合一去魂溪,khuang334,khuang334
0672,婚,臻合一平魂晓,fen534,fang534
0673,魂,臻合一平魂匣,uan213,uan213
0674,温,臻合一平魂影,uan534,uan534
0675,卒(棋子),臻合一人没精,tsa25,tsa25
0676,骨,臻合一人没见,kuao25,kuo25
0677,轮,臻合三平谆来,len213,lan213
0678,俊,臻合三去淳精,teing,teyong334
0679,笋,臻合三上淳心,eings,ein53
0680,准,臻合三上淳章,tsengs3,tsang53
0681,春,臻合三平淳昌,tshen534,tsheng534
0682,唇,臻合三平淳船,zeng213,dzaeng213
0683,顺,臻合三去淳船,zeng24,zeng24
0684,纯,臻合三平淳禅,dzeng213,dzeng213
0685,闰,臻合三去淳日,yong白 / zen24文少,zang24
0686,均,臻合三平淳见,tayong534,tayong534
0687,匀,臻合三平淳以,yon213,yon213
0688,律,臻合三人术来,liep2,liai2
0689,出,臻合三人术昌,tsha25,tshap5
0690,橘,臻合三人术见,tayop5,tayop5
0691,分(动词),臻合三平文非,fen534,fan534
0692,粉,臻合三上文非,fen53,fan53
0693,粪,臻合三去文非,(无),fan334
0694,坟,臻合三平文奉,uan213,uan213
0695,蚊,臻合三平文微,men213白 / uan213文,mang213白 / uan213文
0696,问,臻合三去文微,men白 / uan214文,mang24白 / uan24文
0697,军,臻合三去文微,,
0698,裙,臻合三平文群,tayong534,dzyong213
0699,熏,臻合三平文晓,eyon534,eyon
0700,云(云彩),臻合三平文云,yong213,yong213
0701,运,臻合三去文云,yong²,yong24
0702,佛(佛像),臻合三人物奉,uaʔ2,uoʔ
0703,物,臻合三人物微,uaʔ,uapʔ
0704,帮,宕开一平唐帮,pong534,p53
0705,忙,宕开一平唐明,mang213,mo213
0706,党,宕开一上唐端,tans,t53
0707,汤,宕开一平唐透,thong534,th53
0708,糖,宕开一平唐定,dan213,d213
0709,浪,宕开一去唐来,1ong24,1s24
0710,仓,宕开一平唐清,tshong534,tsh53
0711,钢(名词),宕开一平唐见,kong534,k53
0712,糠,宕开一平唐溪,khong534,kh53
0713,薄(形容词),宕开一人铎並,boʔ,boʔ
0714,摸,宕开一人铎明,moʔ,moʔ
0715,托,宕开一人铎透,t'opʔ,t'opʔ
0716,落,宕开一人铎来,loʔ,loʔ
0717,作,宕开一人铎精,tsopʔ,tsopʔ
0718,索,宕开一人铎心,soʔ,soʔ
0719,各,宕开一人铎见,koʔ,koʔ
0720,鹤,宕开一人铎匣,noʔ,noʔ
0721,恶(形容词),宕开一人铎影,oʔ,oʔ
0722,娘,宕开三平阳泥,nian213,nian213
0723,两(斤~),宕开三上阳来,lian22,lian223
0724,亮,宕开三去阳来,lian24,lian24
0725,浆,宕开三平阳精,tcian534,tcian534
0726,抢,宕开三上阳清,tchian53,tchian53
0727,匠,宕开三去阳从,zian24,zian24
0728,想,宕开三上阳心,cian53,cian53
0729,像,宕开三上阳邪,dziang2文 / zian22白,zian24
0730,张(量词),宕开三平阳知,tsang534,tsang534
0731,长(长短),宕开三平阳澄,dzang213,dzang213
0732,装,宕开三平阳庄,tsong534,tsg534
0733,壮,宕开三去阳庄,tshong534,tsh534
0734,疮,宕开三平阳初,tshong234,tsh534
0735,床,宕开三平阳崇,zong213,zog213
0736,霜,宕开三平阳生,sang534,sos34
0737,章,宕开三平阳章,tsang534,tsang534
0738,厂,宕开三上阳昌,tshang53,tshang53
0739,唱,宕开三去阳昌,tshang334,sang534
0740,伤,宕开三平阳书,san54,sang534
0741,尝,宕开三平阳禅,zong213,dzan213
0742,上(上去),宕开三上阳禅,zan4,zang24
0743,让,宕开三去阳日,nlan24白 / zan4文,nian24
0744,姜(生姜),宕开三平阳见,teiang534,teiang534
0745,响,宕开三上阳晓,cian53,cian53
0746,向,宕开三去阳晓,cian334,cian334
0747,秧,宕开三平阳影,ian534,ian534
0748,痒,宕开三上阳以,ian22,ian223
0749,样,宕开三去阳以,ian24,ian24
0750,雀,宕开三人药精,tehiaP5,tchyoP5
0751,削,宕开三人药心,ciaP5,eyoP5
0752,着(着火),宕开三人药知,dzaP2,dzaP2
0753,勺,宕开三人药禅,zop2,zop2
0754,弱,宕开三人药日,zaP2,zaP2
0755,脚,宕开三人药见,tciaP5,tciaP5
0756,约,宕开三人药影,iaP5,yop5
0757,药,宕开三人药以,iaP2,ioP2
0758,光(光线),宕合一平唐见,kuon534,kuo534
0759,慌,宕合一平唐晓,huon534,f534
0760,黄,宕合一平唐匣,uon213,u213
0761,郭,宕合一人铎见,kuoP2,kuoP2
0762,霍,宕合一人铎晓,hoP5,hoP5
0763,方,宕合三平阳非,fon534,f534
0764,放,宕合三去阳非,fon334,f334
0765,纺,宕合三上阳敷,fon53,fon53
0766,房,宕合三平阳奉,uon213,u213
0767,防,宕合三平阳奉,bon213,b213白 / u213文
0768,网,宕合三上阳微,mang,u²3文
0769,筐,宕合三平阳溪,khuang,khu534
0770,狂,宕合三平阳群,guang,gu213
0771,王,宕合三平阳云,uong,u213
0772,旺,宕合三去阳云,uong,uong
0773,缚,宕合三人药奉,boʔ,boʔ
0774,绑,江开二上江帮,pan53,p53
0775,胖,江开二去江滂,phong334,p5334
0776,棒,江开二上江並,bang22,b24
0777,桩,江开二平江知,tsang53,ts534
0778,撞,江开二去江澄,dzo24,dz24
0779,窗,江开二平江初,tshang534,ts534
0780,双,江开二平江生,sang534,s534
0781,江,江开二平江见,kong34,k534
0782,讲,江开二上江见,kong,k53
0783,降(投降),江开二平江匣,ong24,024
0784,项,江开二上江匣,ong213,ong213
0785,剥,江开二人觉帮,poʔ,po25
0786,桌,江开二人觉知,tso25,tso25
0787,镯,江开二人觉崇,dzyo2,dzyo2
0788,角,江开二人觉见,koʔ,koʔ
0789,壳,江开二人觉溪,khoʔ,khoʔ
0790,学,江开二人觉匣,o²白 / io2文,o²白 / io2文
0791,握,江开二人觉影,o25,o25
0792,朋,曾开一平登並,ban213,ban213
0793,灯,曾开一平登端,ten534,tan534
0794,等,曾开一上登端,ten53,ten53
0795,凳,曾开一去登端,ten334,ten334
0796,藤,曾开一平登定,den213,dan213
0797,能,曾开一平登泥,nen213,nan213
0798,层,曾开一平登从,dzen24,dzan213
0799,僧,曾开一平登心,sen534,sang534
0800,肯,曾开一上登溪,khen53,k'ang53
0801,北,曾开一人德帮,pa25,pa25
0802,墨,曾开一人德明,mo2,mo2
0803,得,曾开一人德端,ta25,ta25
0804,特,曾开一人德定,da2,da2
0805,贼,曾开一人德从,za2,zap2
0806,塞,曾开一人德心,sa25,sa25
0807,刻,曾开一人德溪,kha25,kha25
0808,黑,曾开一人德晓,ha25,ha25
0809,冰,曾开三平蒸帮,pin534,pin534
0810,证,曾开三去蒸章,tsen334,tseng334
0811,秤,曾开三去蒸昌,tshen934,tsheng334
0812,绳,曾开三平蒸船,zen213,zan213
0813,剩,曾开三去蒸船,dzen24,dzan24
0814,升,曾开三平蒸书,sen534,san534
0815,兴(高~),曾开三去蒸晓,ein334,ein334
0816,蝇,曾开三平蒸以,in534,in334
0817,逼,曾开三人职帮,piep5,piap5
0818,力,曾开三人职来,liep2,liaip5
0819,息,曾开三人职心,eieps,eiarp5
0820,直,曾开三人职澄,dzap2,dzap2
0821,侧,曾开三人职庄,tsaP白 / tshap5,tshap5
0822,测,曾开三人职初,tshap5,tshap5
0823,色,曾开三人职生,sarp5,sarp5
0824,织,曾开三人职章,tsap5,tsap5
0825,食,曾开三人职船,zap2,zap2
0826,式,曾开三人职书,sarp5,sarp5
0827,极,曾开三人职群,dziep2,dziap2
0828,国,曾合一人德见,kuop5,kuop5
0829,或,曾合一人德匣,oP2,maq24
0830,猛,梗开二上庚明,tan53,tan53
0831,打,梗开二上庚端,lan24,lan22
0832,冷,梗开二上庚来,lan23,san534
0833,生,梗开二平庚生,san534,san54
0834,省(省长),梗开二上庚生,san53,san53
0835,更(三更),梗开二平庚见,kan534白 / kan534文,kan534文 / kuan534白
0836,梗,梗开二上庚见,kan53文,kan53文
0837,坑,梗开二平庚溪,khan53,khan534
0838,硬,梗开二去庚疑,nan24,nan24
0839,行(行为),梗开二平庚匣,an213,in213
0840,百,梗开二人陌帮,pa2,pa2
0841,拍,梗开二人陌滂,pha25,pha25
0842,白,梗开二人陌並,ba2,ba2
0843,拆,梗开二人陌彻,tshap5,tshap5
0844,择,梗开二人陌澄,dzap2,dzap2
0845,窄,梗开二人陌庄,(无),tsa25
0846,格,梗开二人陌见,ke2,ka25
0847,客,梗开二人陌溪,khe25,kha25
0848,额,梗开二人陌疑,ne2,na2
0849,棚,梗开二平耕並,ban213,ban213
0850,争,梗开二平耕庄,dzan213白 / tsen534文,tse234文
0851,耕,梗开二平耕见,kan534,kan534
0852,麦,梗开二人麦明,ma2,ma2
0853,摘,梗开二人麦知,tsa25,tsa25
0854,策,梗开二人麦初,tsha25,tsa25
0855,隔,梗开二人麦见,ke25,ka25
0856,兵,梗开三平庚帮,pin534,pin534
0857,柄,梗开三去庚帮,pin334,pin53
0858,平,梗开三平庚並,bin213,bin213
0859,病,梗开三去庚並,bin24,bin24
0860,明,梗开三平庚明,min213,min213
0861,命,梗开三去庚明,min24,min24
0862,镜,梗开三去庚见,tein334,tein334
0863,庆,梗开三去庚溪,tehins34,tehins34
0864,迎,梗开三平庚疑,nin213,nin213
0865,影,梗开三上庚影,in53,in53
0866,剧(戏剧),梗开三人陌群,dziaP2白 / dzieP2,tey334文
0867,饼,梗开三上清帮,pin53,pin53
0868,名,梗开三平清明,min213,min213
0869,领,梗开三上清来,lin22,lin223
0870,井,梗开三上清精,tein53,tein53
0871,清,梗开三平清清,tehins34,tehins34
0872,静,梗开三上清从,dzin22,dzin24
0873,姓,梗开三去清心,ein34,ein334
0874,贞,梗开三平清知,tsen334,tsan534
0875,程,梗开三平清澄,dzen24,dzan213
0876,整,梗开三上清章,tsen53,tsan53
0877,正(正反),梗开三去清章,tsen334,tsan334
0878,声,梗开三平清书,sen534,san534
0879,城,梗开三平清禅,dzen213,dzen213
0880,轻,梗开三平清溪,tch'ing534,tch'ing534
0881,赢,梗开三平清以,in213,nin213
0882,积,梗开三人昔精,teieP5,teiaP5
0883,惜,梗开三人昔心,cieP5,ciap5
0884,席,梗开三人昔邪,dzier2,ziao2
0885,尺,梗开三人昔昌,tsh'ap5,ts'hap5
0886,石,梗开三人昔禅,zeP2,zop2
0887,益,梗开三人昔影,iep5,iaP5
0888,瓶,梗开四平青並,bin213,bing213
0889,钉(名词),梗开四平青端,tin534,tin534
0890,顶,梗开四上青端,tin53,tin53
0891,厅,梗开四平青透,thin53,thin534
0892,听(听见),梗开四平青透,thin334,thin334
0893,停,梗开四平青定,din213,din213
0894,挺,梗开四上青定,thin53,thin53
0895,定,梗开四去青定,din24,din34
0896,零,梗开四平青来,lin213,lin213
0897,青,梗开四平青清,teh'ing534,teh'ing534
0898,星,梗开四平青心,ein534,ein534
0899,经,梗开四平青见,tein534,tein534
0900,形,梗开四平青匣,in213,in213
0901,壁,梗开四人锡帮,piep5,piaP5
0902,劈,梗开四人锡滂,phieps,phiP5
0903,踢,梗开四人锡透,t'ieP5,t'iaP5
0904,笛,梗开四人锡定,dieP2,diaP2
0905,历(衣~),梗开四人锡来,lieP2,liaP2
0906,锡,梗开四人锡心,gieP5,ciaP5
0907,击,梗开四人锡见,tcieP5,tciaP5
0908,吃,梗开四人锡溪,tg'yoʔ白 / tg'ieP5文,tg'yoʔ白
0909,横(横竖),梗合二平庚匣,uan213,uan213
0910,划(计划),梗合二人麦匣,uaP2,uaP2
0911,兄,梗合三平庚晓,eyon534,eyon534
0912,荣,梗合三平庚云,yong213,yong213
0913,永,梗合三上庚云,yong53,yong53
0914,营,梗合三平清以,in213,in213
0915,蓬(蓬松),通合一平东並,bon213,ban213
0916,东,通合一平东端,ton534,ton534
0917,懂,通合一上东端,ton53,ton53
0918,冻,通合一去东端,ton334,ton334
0919,通,通合一平东透,thon534,thon534
0920,桶,通合一上东透,don22,don223
0921,痛,通合一去东透,thon334,thon334
0922,铜,通合一平东定,don213,don213
0923,动,通合一上东定,don24,do94
0924,洞,通合一去东定,don24,log213
0925,聋,通合一平东来,lon213,lon213
0926,弄,通合一去东来,lon24,lon24
0927,棕,通合一去东精,tsong,tsong
0928,葱,通合一平东清,ts'ong,ts'ong
0929,送,通合一去东心,sor,sor
0930,公,通合一平东见,kuong,kong
0931,孔,通合一上东溪,k'ong,k'ong
0932,烘(烘干),通合一平东晓,hong,hong
0933,红,通合一平东匣,ong,ong
0934,翁,通合一平东影,ong,ong
0935,木,通合一人屋明,mor2,mor2
0936,读,通合一人屋定,doʔ,doʔ
0937,鹿,通合一人屋来,loʔ,loʔ
0938,族,通合一人屋从,dzop2,dzop2
0939,谷(稻谷),通合一人屋见,kuop5,kuop5
0940,哭,通合一人屋溪,k'uoʔ5,k'uoʔ5
0941,屋,通合一人屋影,uo53白 / oʔ文,uo53白 / oʔ文
0942,冬(冬至),通合一平冬端,tong,tong
0943,统,通合一去冬透,t'ong,t'ong
0944,脓,通合一平冬泥,non,non
0945,松(松紧),通合一平冬心,song,song
0946,宋,通合一去冬心,song,song
0947,毒,通合一人沃定,dop2,dop2
0948,风,通合三平东非,fon,fon
0949,丰,通合三平东敷,fon534,fon534
0950,凤,通合三去东奉,uon24,uon24
0951,梦,通合三去东明,mon24白 / mon24文,mon24
0952,中(当中),通合三平东知,tsong534,tsong534
0953,虫,通合三平东澄,dzong213,dzong213
0954,终,通合三平东章,tsong534,tsong534
0955,充,通合三平东昌,tshon534,tshon534
0956,宫,通合三平东见,kuong534,kong534
0957,穷,通合三平东群,dzyong213,dzyong213
0958,熊,通合三平东云,yon213,zyong213
0959,雄,通合三平东云,yon213,zyong213
0960,福,通合三人屋非,fo25,fo25
0961,服,通合三人屋奉,uo22,uo22
0962,目,通合三人屋明,mo22,mo22
0963,六,通合三人屋来,lo22,lo22
0964,宿(住宿),通合三人屋心,so25,so25
0965,竹,通合三人屋知,tsos25,tsos25
0966,畜(畜生),通合三人屋彻,tshops,tshops
0967,缩,通合三人屋生,sop25,so25
0968,粥,通合三人屋章,tsops,tsops
0969,叔,通合三人屋书,so25,so25
0970,熟,通合三人屋禅,zop2,zop2
0971,肉,通合三人屋日,nyop2,nyop2
0972,菊,通合三人屋见,teyoʔ,teyoʔ
0973,育,通合三人屋以,yop2,yop2
0974,封,通合三平钟非,fon534,fon534
0975,蜂,通合三平钟敷,fon534,fon534
0976,缝(一条~),通合三去钟奉,uon24,uon24
0977,浓,通合三平钟泥,n-yon213白 / non213 / noq213文,noq213文
0978,龙,通合三平钟来,lon213,lon213
0979,松(松树),通合三平钟邪,zong213,z5213
0980,重(轻重),通合三上钟澄,dzong24,dzong24
0981,肿,通合三上钟章,tsong53,tsong53
0982,种(种树),通合三去钟章,tsong34,tsong34
0983,冲,通合三平钟昌,tshong534,tshong534
0984,恭,通合三平钟见,kuong534,kong534
0985,共,通合三去钟群,dzyong24白 / guong24文,gong24文 / dzyong24白
0986,凶(吉凶),通合三平钟晓,eyong534,eyong534
0987,拥,通合三上钟影,yong53,yong534
0988,容,通合三平钟以,yong213,zong213
0989,用,通合三去钟以,yong24,yong24
0990,绿,通合三人烛来,loʔ2,loʔ2
0991,足,通合三人烛精,tsop5,tsop5
0992,烛,通合三人烛章,tsop5,tsop5
0993,赎,通合三人烛船,zoʔ2,zoʔ2
0994,属,通合三人烛禅,zop2,zop2
0995,褥,通合三人烛日,(无),(无)
0996,曲(曲折),通合三人烛溪,tghyop5,tghyop5
0997,局,通合三人烛群,dzyoʔ,dzyoʔ
0998,玉,通合三人烛疑,nyoʔ,nyoʔ
0999,浴,通合三人烛以,,
